0,213,27,0.06820224225521088,1
1,211,25,0.06702574342489243,1
1,97,177,0.06464674323797226,0
6,97,167,0.07954774051904678,0
6,190,148,0.06916762888431549,0
7,191,150,0.25337183475494385,0
7,96,166,0.06741110235452652,0
8,98,166,0.09424547106027603,0
9,194,151,0.09394757449626923,0
9,97,166,0.06521918624639511,0
10,97,166,0.07047851383686066,0
10,193,141,0.06426508724689484,0
11,97,167,0.0901750922203064,0
12,190,150,0.16586565971374512,0
12,97,167,0.07562445104122162,0
13,193,154,0.18805374205112457,0
13,97,172,0.12467516958713531,0
14,97,171,0.1038079485297203,0
15,94,172,0.08002934604883194,0
15,226,123,0.054377149790525436,0
16,93,171,0.07963625341653824,0
17,98,180,0.0629197284579277,0
17,104,171,0.050193510949611664,0
18,98,179,0.07097970694303513,0
18,102,174,0.05047023296356201,0
19,230,23,0.13974936306476593,1
19,98,178,0.15342898666858673,0
19,94,172,0.06701330095529556,0
20,233,23,0.08858023583889008,1
20,99,182,0.08665101230144501,0
21,235,23,0.1403326541185379,1
21,99,186,0.05271492525935173,0
22,234,22,0.15175564587116241,1
23,196,36,0.05210605636239052,1
23,99,182,0.09405536949634552,0
24,188,29,0.05455563962459564,1
24,310,143,0.06543377041816711,1
24,240,130,0.11163217574357986,0
24,303,147,0.05487615987658501,0
25,308,145,0.15568211674690247,1
25,308,144,0.2088691145181656,0
26,305,143,0.08725609630346298,1
26,81,166,0.1706777811050415,0
26,305,143,0.0938401073217392,0
27,306,142,0.10575305670499802,1
27,81,170,0.18568602204322815,0
27,305,142,0.11235736310482025,0
28,181,27,0.050168272107839584,1
28,307,143,0.08827978372573853,1
28,81,169,0.2257959395647049,0
28,305,142,0.15127530694007874,0
29,305,140,0.16507579386234283,1
29,77,169,0.17109912633895874,0
29,305,140,0.20342828333377838,0
30,181,26,0.061534490436315536,1
30,304,139,0.1341887265443802,1
30,77,171,0.1921866089105606,0
30,304,139,0.22821757197380066,0
31,180,28,0.05665367469191551,1
31,305,138,0.17430642247200012,1
31,81,171,0.20509320497512817,0
31,305,138,0.22838294506072998,0
32,306,136,0.23935386538505554,1
32,80,174,0.2661184072494507,0
32,305,137,0.3530396521091461,0
33,180,35,0.06895100325345993,1
33,267,44,0.050520554184913635,1
33,305,140,0.19147396087646484,1
33,81,174,0.3674444854259491,0
33,304,139,0.2430400848388672,0
34,307,141,0.1763196587562561,1
34,82,176,0.30308738350868225,0
34,308,139,0.2974189221858978,0
35,181,28,0.050033558160066605,1
35,308,142,0.3141050934791565,1
35,83,180,0.28195247054100037,0
35,84,174,0.06103256717324257,0
35,307,140,0.44731950759887695,0
36,311,135,0.21461030840873718,1
36,81,180,0.22402586042881012,0
36,310,142,0.37058815360069275,0
37,313,139,0.2679179012775421,1
37,82,187,0.057341478765010834,0
37,66,139,0.05261959508061409,0
37,310,144,0.25570064783096313,0
38,314,141,0.09273611009120941,1
38,82,188,0.2535717189311981,0
38,314,141,0.14723186194896698,0
38,83,178,0.06435509771108627,0
39,188,36,0.05328786373138428,1
39,82,189,0.05544428899884224,0
40,182,28,0.06013090908527374,1
40,317,145,0.09128135442733765,1
40,316,150,0.13447165489196777,0
41,317,155,0.07139130681753159,1
41,83,190,0.055776309221982956,0
41,317,155,0.18222248554229736,0
42,292,28,0.05747263878583908,1
42,316,147,0.13723550736904144,1
42,316,151,0.2640492022037506,0
42,85,187,0.05104665458202362,0
43,179,36,0.06806652247905731,1
43,283,68,0.07015880942344666,1
43,314,153,0.15310101211071014,1
43,314,153,0.27717670798301697,0
44,226,22,0.05701087787747383,1
44,315,148,0.16489577293395996,1
44,61,140,0.09141085296869278,0
44,314,151,0.43733105063438416,0
45,220,22,0.08869967609643936,1
45,314,146,0.19409681856632233,1
45,60,140,0.059733081609010696,0
45,314,146,0.2898922562599182,0
46,220,21,0.1358068585395813,1
46,232,21,0.06661497801542282,1
46,315,146,0.18160460889339447,1
46,315,146,0.2649994492530823,0
47,218,22,0.219761922955513,1
47,315,145,0.22431975603103638,1
47,315,145,0.24844899773597717,0
48,317,143,0.21120165288448334,1
48,81,191,0.1158665344119072,0
48,315,144,0.2786419689655304,0
49,318,142,0.20105083286762238,1
49,315,143,0.3172924816608429,0
50,214,22,0.07813624292612076,1
50,319,143,0.16698996722698212,1
50,316,145,0.3634607493877411,0
51,212,21,0.08979213982820511,1
51,319,143,0.2288108915090561,1
51,316,144,0.34298184514045715,0
52,213,21,0.10464025288820267,1
52,224,21,0.054447878152132034,1
52,318,140,0.3208360970020294,1
52,316,141,0.3209291696548462,0
53,315,139,0.3019402325153351,1
53,77,189,0.09903785586357117,0
53,315,139,0.32045742869377136,0
54,280,56,0.05410049855709076,1
54,315,138,0.3754158318042755,1
54,76,188,0.18164756894111633,0
54,315,138,0.2937023639678955,0
55,282,57,0.09445441514253616,1
55,316,133,0.20494316518306732,1
55,77,187,0.3089747726917267,0
55,314,140,0.16576646268367767,0
56,282,56,0.07282383739948273,1
56,315,139,0.31189414858818054,1
56,83,188,0.09869184345006943,0
56,315,139,0.21866220235824585,0
57,314,132,0.28998756408691406,1
57,308,155,0.0673835277557373,1
57,314,140,0.16352127492427826,0
58,313,131,0.25533607602119446,1
58,307,157,0.08392906188964844,1
58,77,187,0.09067317098379135,0
58,313,142,0.0986437052488327,0
59,313,131,0.2072097808122635,1
59,306,156,0.09836293011903763,1
59,75,187,0.06374376267194748,0
59,313,131,0.1038554236292839,0
59,306,156,0.056293342262506485,0
60,212,21,0.0682014599442482,1
60,311,117,0.07582022994756699,1
60,305,151,0.36736735701560974,1
60,76,186,0.05680490657687187,0
60,305,151,0.13893453776836395,0
61,219,21,0.08048296719789505,1
61,306,144,0.222646102309227,1
61,306,144,0.06467464566230774,0
62,305,141,0.19611817598342896,1
63,218,21,0.101984404027462,1
63,308,127,0.15869241952896118,1
63,303,163,0.08552438765764236,1
64,218,21,0.1639455109834671,1
64,303,140,0.1110331192612648,1
64,278,196,0.05389633774757385,1
65,219,21,0.08016490936279297,1
65,275,200,0.06190209090709686,1
65,124,139,0.0579112209379673,0
66,219,21,0.0654246136546135,1
66,212,25,0.0530196838080883,1
66,274,199,0.06298622488975525,1
67,219,26,0.13079343736171722,1
67,272,202,0.06545767188072205,1
68,215,25,0.3306128978729248,1
68,229,22,0.050090111792087555,1
68,271,203,0.05873596668243408,1
68,215,25,0.06670763343572617,0
69,221,26,0.3299888074398041,1
69,219,26,0.05412842705845833,0
70,221,28,0.5556251406669617,1
70,300,137,0.05492141842842102,1
70,219,28,0.0865778997540474,0
70,300,137,0.06644091755151749,0
71,224,30,0.5628122687339783,1
71,309,153,0.10875212401151657,1
71,224,30,0.07355445623397827,0
71,301,141,0.07146187126636505,0
72,226,32,0.14048191905021667,1
72,310,157,0.2005743384361267,1
72,299,139,0.05787024646997452,0
72,309,156,0.16771309077739716,0
73,226,33,0.325398713350296,1
73,308,156,0.14091700315475464,1
73,226,33,0.12845326960086823,0
73,298,138,0.05557122081518173,0
73,308,156,0.12032521516084671,0
74,226,36,0.3327803909778595,1
74,312,163,0.1336713433265686,1
74,226,36,0.217953622341156,0
74,308,164,0.08745428919792175,0
75,228,37,0.34283900260925293,1
75,313,164,0.20515364408493042,1
75,227,37,0.23831483721733093,0
75,313,164,0.19602598249912262,0
76,229,37,0.3873564302921295,1
76,311,164,0.12106000632047653,1
76,229,38,0.3289654850959778,0
76,311,164,0.1955229640007019,0
77,229,37,0.2937757670879364,1
77,313,166,0.28121232986450195,1
77,228,38,0.20006009936332703,0
77,313,166,0.23727937042713165,0
78,229,37,0.31403589248657227,1
78,311,163,0.1621604561805725,1
78,229,37,0.20042812824249268,0
78,300,149,0.0698639303445816,0
78,311,163,0.24168550968170166,0
79,229,36,0.405012845993042,1
79,311,166,0.2913765013217926,1
79,229,36,0.1712169647216797,0
79,311,166,0.25629356503486633,0
80,232,37,0.4429326355457306,1
80,310,165,0.25311553478240967,1
80,231,37,0.3220186233520508,0
80,301,154,0.07782427221536636,0
80,310,165,0.31067800521850586,0
81,232,37,0.37327978014945984,1
81,310,168,0.261828750371933,1
81,233,37,0.45658639073371887,0
81,310,168,0.26016348600387573,0
82,233,40,0.37538909912109375,1
82,312,168,0.33285942673683167,1
82,233,40,0.5076717138290405,0
82,312,168,0.44181880354881287,0
83,234,38,0.41278284788131714,1
83,314,170,0.558506190776825,1
83,236,39,0.4499002695083618,0
83,314,170,0.3268161714076996,0
84,235,37,0.31937989592552185,1
84,311,167,0.22792819142341614,1
84,236,38,0.45780298113822937,0
84,300,159,0.07703186571598053,0
84,311,167,0.5457733869552612,0
85,235,38,0.22891469299793243,1
85,312,168,0.4237273633480072,1
85,236,38,0.2967933714389801,0
85,312,168,0.5199143290519714,0
86,235,39,0.2824619710445404,1
86,310,169,0.22038526833057404,1
86,236,38,0.28708842396736145,0
86,296,157,0.0809885710477829,0
86,310,169,0.5363519191741943,0
87,235,40,0.14486412703990936,1
87,309,167,0.24002885818481445,1
87,236,39,0.12283490598201752,0
87,298,160,0.07633505016565323,0
87,309,167,0.5264852046966553,0
88,235,40,0.10892301052808762,1
88,306,167,0.13198815286159515,1
88,296,162,0.20557299256324768,0
88,237,39,0.10916741192340851,0
88,306,168,0.5928758978843689,0
89,236,40,0.28173357248306274,1
89,309,174,0.6314265727996826,1
89,240,40,0.21109427511692047,0
89,310,174,0.4008128046989441,0
90,237,41,0.3316906988620758,1
90,308,171,0.28345516324043274,1
90,239,40,0.18645572662353516,0
90,291,162,0.14373613893985748,0
90,307,170,0.5833621025085449,0
91,238,39,0.15334396064281464,1
91,307,171,0.377154678106308,1
91,238,39,0.08769498020410538,0
91,291,161,0.13721279799938202,0
91,91,246,0.05476353317499161,0
91,306,171,0.5416129231452942,0
92,290,158,0.05831385776400566,1
92,237,42,0.07932019233703613,1
92,307,170,0.3035332262516022,1
92,111,241,0.05808744207024574,1
92,290,161,0.306792289018631,0
92,240,40,0.10172899812459946,0
92,306,168,0.5911834239959717,0
92,93,246,0.1551559418439865,0
93,289,159,0.054756104946136475,1
93,239,41,0.08571895956993103,1
93,307,170,0.36228305101394653,1
93,140,245,0.0594417080283165,1
93,289,159,0.18743155896663666,0
93,239,41,0.05223977938294411,0
93,304,170,0.570064902305603,0
94,289,156,0.06057088449597359,1
94,237,40,0.27228543162345886,1
94,304,166,0.15293216705322266,1
94,240,39,0.18375034630298615,0
94,297,160,0.6743618845939636,0
94,305,181,0.07148050516843796,0
95,240,37,0.20091311633586884,1
95,305,167,0.19393421709537506,1
95,289,155,0.309693843126297,0
95,240,37,0.10728395730257034,0
95,300,162,0.5628184676170349,0
96,239,38,0.05712530389428139,1
96,304,167,0.13577812910079956,1
96,111,241,0.07000423967838287,1
96,288,155,0.38547831773757935,0
96,87,240,0.11511821299791336,0
96,298,162,0.6814083456993103,0
97,239,37,0.11966024339199066,1
97,304,167,0.22745631635189056,1
97,112,241,0.06514128297567368,1
97,288,156,0.14663313329219818,0
97,239,37,0.11118239164352417,0
97,303,167,0.6103687882423401,0
98,239,39,0.12333808839321136,1
98,91,247,0.06346898525953293,1
98,305,169,0.2808196246623993,1
98,112,241,0.07191896438598633,1
98,239,39,0.06887397915124893,0
98,287,157,0.1188860610127449,0
98,87,242,0.0533965602517128,0
98,304,171,0.6812324523925781,0
99,238,40,0.06363052129745483,1
99,302,170,0.2536182999610901,1
99,140,244,0.05160288140177727,1
99,285,156,0.07535529881715775,0
99,238,40,0.0726000964641571,0
99,300,171,0.6971967816352844,0
100,301,169,0.16983574628829956,1
100,113,244,0.054241523146629333,1
100,286,156,0.1147906631231308,0
100,298,171,0.7218508124351501,0
101,281,157,0.051919445395469666,1
101,300,174,0.14617705345153809,1
101,142,245,0.051059141755104065,1
101,282,157,0.1105337142944336,0
101,296,175,0.6179590225219727,0
102,301,178,0.08576071262359619,1
102,112,241,0.05466460809111595,1
102,285,164,0.3230617046356201,0
102,243,44,0.12157219648361206,0
102,314,195,0.06992509216070175,0
102,295,176,0.7539913654327393,0
103,303,183,0.4355887472629547,1
103,301,182,0.6812161803245544,0
104,300,185,0.08553987741470337,1
104,286,176,0.5552816987037659,0
104,296,184,0.8299909234046936,0
105,303,187,0.18596023321151733,1
105,288,181,0.12947288155555725,0
105,246,55,0.059661950916051865,0
105,300,187,0.8130879402160645,0
106,301,188,0.08209015429019928,1
106,287,177,0.140887051820755,0
106,247,58,0.1494998186826706,0
106,297,189,0.8366493582725525,0
107,300,189,0.08943580836057663,1
107,286,176,0.07631199061870575,0
107,297,190,0.8154586553573608,0
108,301,189,0.09073667228221893,1
108,250,62,0.06693527102470398,0
108,298,190,0.8168618083000183,0
109,296,191,0.07884054630994797,1
109,296,191,0.7935202717781067,0
110,252,69,0.05544225126504898,1
110,293,191,0.07129928469657898,1
110,254,69,0.1671513170003891,0
110,294,193,0.6725934147834778,0
111,294,197,0.10306263715028763,1
111,257,71,0.12236948311328888,0
111,296,199,0.7766414284706116,0
112,251,71,0.06443788856267929,1
112,300,202,0.057439275085926056,1
112,251,71,0.23102039098739624,0
112,295,204,0.8146560788154602,0
113,249,71,0.10426996648311615,1
113,298,206,0.08058561384677887,1
113,249,71,0.32024532556533813,0
113,293,207,0.8022144436836243,0
114,246,71,0.1352035105228424,1
114,291,207,0.12449407577514648,1
114,246,71,0.36297014355659485,0
114,292,209,0.7363047003746033,0
115,246,69,0.07361644506454468,1
115,289,208,0.19143064320087433,1
115,246,69,0.20260795950889587,0
115,291,210,0.6671108603477478,0
116,243,65,0.10444679111242294,1
116,292,212,0.6155602931976318,1
116,242,64,0.20836201310157776,0
116,292,212,0.37723276019096375,0
117,236,60,0.0845278799533844,1
117,291,216,0.8374967575073242,1
117,236,60,0.12104912847280502,0
117,293,215,0.13242341578006744,0
118,234,59,0.07528688758611679,1
118,291,218,0.7839890718460083,1
118,234,59,0.1927410066127777,0
118,291,217,0.13397295773029327,0
119,234,55,0.21935680508613586,1
119,288,221,0.6552044153213501,1
119,234,55,0.3271464705467224,0
119,288,220,0.22536782920360565,0
120,233,54,0.3258618414402008,1
120,289,219,0.46318212151527405,1
120,233,54,0.4192652106285095,0
120,289,218,0.2620515525341034,0
121,232,50,0.39914557337760925,1
121,286,221,0.4651639759540558,1
121,232,49,0.49898961186408997,0
121,286,220,0.241782084107399,0
122,228,49,0.31473496556282043,1
122,284,220,0.38354480266571045,1
122,228,49,0.4540744721889496,0
122,283,216,0.2254752367734909,0
123,228,50,0.5007694959640503,1
123,286,221,0.49602559208869934,1
123,228,49,0.2789348065853119,0
123,283,223,0.1573149710893631,0
124,230,52,0.10560091584920883,1
124,286,221,0.29429998993873596,1
124,230,52,0.45275166630744934,0
124,286,221,0.18719883263111115,0
125,234,55,0.09563558548688889,1
125,287,224,0.4599485695362091,1
125,234,55,0.4782169461250305,0
125,287,224,0.28912588953971863,0
126,236,56,0.05797824636101723,1
126,288,224,0.4367595314979553,1
126,236,56,0.5922661423683167,0
126,325,150,0.05193262919783592,0
126,289,223,0.221415176987648,0
127,237,56,0.07749317586421967,1
127,288,226,0.5656894445419312,1
127,237,56,0.34013494849205017,0
127,289,225,0.3006073832511902,0
128,238,60,0.1440737098455429,1
128,286,225,0.39374521374702454,1
128,238,60,0.3373042643070221,0
128,287,224,0.41262513399124146,0
129,291,230,0.707645058631897,1
129,315,211,0.05539485067129135,1
129,246,70,0.10938239097595215,0
129,294,228,0.14697909355163574,0
130,294,236,0.5420131683349609,1
130,187,75,0.10062111914157867,0
130,258,80,0.06289002299308777,0
130,294,238,0.36922600865364075,0
131,295,248,0.17136962711811066,1
131,155,117,0.05527573078870773,0
131,295,248,0.6830825209617615,0
132,297,260,0.10712207853794098,1
132,158,142,0.15623308718204498,0
132,264,122,0.1571757048368454,0
133,276,147,0.09740477055311203,1
133,169,246,0.061924442648887634,0
134,291,156,0.20355914533138275,1
134,268,91,0.18766866624355316,0
134,291,155,0.21213103830814362,0
135,336,199,0.08064325153827667,1
135,292,170,0.14895623922348022,1
135,325,188,0.05147405341267586,1
135,98,100,0.09132077544927597,0
135,149,44,0.07151582092046738,0
135,337,191,0.06182610243558884,0
135,92,106,0.059400562196969986,0
135,338,175,0.053588952869176865,0
135,292,170,0.06522002071142197,0
136,164,45,0.06306889653205872,1
136,296,183,0.5221081972122192,1
136,246,84,0.4344213306903839,0
136,164,45,0.28591203689575195,0
136,248,96,0.07347109913825989,0
136,296,183,0.139022096991539,0
137,299,189,0.48176872730255127,1
137,259,99,0.3079601228237152,0
137,167,52,0.24864372611045837,0
137,271,100,0.07504135370254517,0
137,299,189,0.16947264969348907,0
138,302,193,0.47985976934432983,1
138,268,108,0.5948251485824585,0
138,278,113,0.07975553721189499,0
138,179,116,0.05573197826743126,0
138,304,192,0.326840341091156,0
139,301,198,0.3599112927913666,1
139,277,116,0.43222787976264954,0
139,116,132,0.1350061446428299,0
139,337,223,0.12473802268505096,0
139,318,183,0.06733664870262146,0
139,287,110,0.0613284669816494,0
139,288,121,0.05166802927851677,0
139,253,119,0.05304951220750809,0
139,268,117,0.1168067678809166,0
139,303,199,0.29092657566070557,0
140,313,202,0.22758513689041138,1
140,292,122,0.4846523404121399,0
140,123,133,0.11663942039012909,0
140,118,138,0.06262237578630447,0
140,293,122,0.17215880751609802,0
140,313,202,0.4372127950191498,0
141,300,124,0.05421718582510948,1
141,314,203,0.4180147647857666,1
141,300,124,0.365823894739151,0
141,295,119,0.12357326596975327,0
141,301,136,0.08066443353891373,0
141,314,203,0.507820188999176,0
142,317,202,0.4241158664226532,1
142,308,123,0.4748570919036865,0
142,317,202,0.39568030834198,0
142,138,53,0.12766261398792267,0
142,188,84,0.06564266979694366,0
142,313,128,0.0625191405415535,0
142,202,89,0.06393945962190628,0
142,207,116,0.05528971552848816,0
143,319,197,0.3549546003341675,1
143,162,117,0.18410724401474,0
143,170,109,0.08064937591552734,0
143,145,124,0.06969475001096725,0
143,150,132,0.34859034419059753,0
143,320,196,0.24580273032188416,0
144,179,89,0.12054099887609482,1
144,325,188,0.13617615401744843,1
144,179,89,0.24837225675582886,0
144,329,173,0.15939079225063324,0
144,132,107,0.1037750318646431,0
144,325,188,0.7160977125167847,0
145,324,181,0.1837518811225891,1
145,141,91,0.23069137334823608,0
145,324,181,0.5346623063087463,0
146,324,170,0.5065704584121704,1
146,86,116,0.12984472513198853,0
146,306,53,0.07716137170791626,0
146,324,170,0.2934362590312958,0
147,324,166,0.57289057970047,1
147,329,149,0.05780859664082527,0
147,92,84,0.056730594485998154,0
147,324,166,0.36893144249916077,0
148,322,163,0.39204585552215576,1
148,330,150,0.0923931896686554,0
148,323,163,0.2815861999988556,0
149,322,157,0.36308279633522034,1
149,333,139,0.07467012107372284,0
149,323,157,0.46168947219848633,0
150,259,20,0.07041090726852417,1
150,323,152,0.3467596173286438,1
150,259,20,0.11040297895669937,0
150,334,130,0.054425012320280075,0
150,323,149,0.3833475708961487,0
151,269,159,0.1260603964328766,1
151,322,145,0.5129633545875549,1
151,329,127,0.06069791316986084,0
151,323,144,0.4959835708141327,0
152,321,141,0.4002492129802704,1
152,322,141,0.39555707573890686,0
153,320,134,0.3113081157207489,1
153,162,205,0.06190606206655502,0
153,321,133,0.1841561645269394,0
153,104,237,0.06329581141471863,0
154,317,127,0.5193102955818176,1
154,276,42,0.05697781220078468,0
154,317,126,0.20463618636131287,0
155,315,113,0.6063450574874878,1
155,145,205,0.11911111325025558,0
155,243,53,0.06928209215402603,0
155,316,113,0.1377493143081665,0
156,314,106,0.632449209690094,1
156,326,104,0.05233016237616539,1
156,315,104,0.15853090584278107,0
157,310,103,0.5591161251068115,1
157,218,222,0.1961904615163803,0
157,310,103,0.18539933860301971,0
158,310,92,0.7186692953109741,1
158,85,227,0.05220650136470795,0
158,310,92,0.27215269207954407,0
159,322,256,0.061094094067811966,1
159,308,88,0.46550899744033813,1
159,305,87,0.4745888113975525,0
160,305,82,0.5668559670448303,1
160,305,82,0.525225818157196,0
161,304,80,0.5055311918258667,1
161,304,80,0.49005067348480225,0
162,303,78,0.46070727705955505,1
162,303,78,0.5113291144371033,0
163,303,78,0.4836493730545044,1
163,85,228,0.06013231351971626,0
163,303,78,0.4261467754840851,0
164,302,78,0.5268318057060242,1
164,302,78,0.38492006063461304,0
165,321,249,0.15103840827941895,1
165,302,76,0.5478959679603577,1
165,302,76,0.45609843730926514,0
166,338,173,0.05097416415810585,1
166,321,248,0.08777166157960892,1
166,303,75,0.6201391816139221,1
166,302,74,0.44896626472473145,0
167,246,107,0.05031054466962814,1
167,323,248,0.056779809296131134,1
167,304,76,0.5150034427642822,1
167,304,76,0.424542099237442,0
168,306,77,0.7118681073188782,1
168,305,75,0.28991079330444336,0
169,325,245,0.30360814929008484,1
169,308,80,0.7281829714775085,1
169,73,188,0.0880357176065445,0
169,325,245,0.07546520233154297,0
169,308,80,0.17107978463172913,0
170,311,75,0.7823952436447144,1
170,309,76,0.20991908013820648,0
171,312,78,0.5573058724403381,1
171,329,239,0.14519307017326355,1
171,330,238,0.09594165533781052,0
171,312,82,0.1295434832572937,0
172,336,231,0.08693669736385345,1
172,338,214,0.07599126547574997,1
172,333,235,0.06059647724032402,0
173,338,230,0.08458253741264343,1
173,320,85,0.11208799481391907,1
173,338,233,0.10102164000272751,0
174,338,229,0.058354850858449936,1
174,131,181,0.05817331001162529,0
175,326,87,0.09168171137571335,1
175,142,181,0.0892898440361023,0
176,328,97,0.09921497851610184,1
177,328,102,0.13815607130527496,1
177,328,102,0.07661899924278259,0
178,336,106,0.07069911807775497,1
178,285,42,0.17286260426044464,0
179,338,68,0.09696739166975021,1
179,300,52,0.0789542943239212,0
179,181,156,0.06940324604511261,0
180,198,230,0.11525189131498337,0
180,142,94,0.093269944190979,0
180,133,109,0.08504810929298401,0
180,148,86,0.07357592135667801,0
180,67,180,0.07206752896308899,0
180,146,107,0.054216064512729645,0
181,206,186,0.07813464850187302,0
182,332,126,0.05885471776127815,1
182,131,147,0.0799938514828682,0
182,92,202,0.06017438694834709,0
182,100,43,0.0589914433658123,0
183,61,114,0.057652831077575684,1
183,338,147,0.09397044777870178,1
183,200,104,0.3229345381259918,0
183,61,114,0.1347362995147705,0
183,338,141,0.08576471358537674,0
183,188,62,0.07725775241851807,0
183,243,214,0.075107142329216,0
184,338,172,0.061461105942726135,1
184,235,46,0.3011026978492737,0
184,202,79,0.11182163655757904,0
184,262,103,0.06492850929498672,0
185,338,172,0.09172042459249496,1
185,338,165,0.05072537064552307,0
185,197,74,0.135281503200531,0
186,337,172,0.29577985405921936,1
186,344,166,0.06803950667381287,1
186,245,38,0.38776230812072754,0
186,337,172,0.10594531893730164,0
186,203,68,0.08183514326810837,0
186,60,189,0.07862163335084915,0
187,147,117,0.48385870456695557,1
187,100,25,0.11047246307134628,1
187,337,153,0.09385678172111511,1
187,147,117,0.2967790961265564,0
187,337,149,0.17245517671108246,0
187,100,25,0.1590256541967392,0
187,180,43,0.05023515596985817,0
188,145,130,0.6110609173774719,0
188,327,117,0.502946138381958,0
188,221,48,0.44900789856910706,0
188,102,38,0.1401791274547577,0
188,115,179,0.1123148575425148,0
188,331,128,0.09937813133001328,0
188,235,175,0.07578437030315399,0
188,140,141,0.06491824239492416,0
189,308,174,0.06637614965438843,1
189,202,44,0.25909772515296936,0
189,323,104,0.11792363226413727,0
190,202,254,0.07773423939943314,0
191,83,157,0.6897748708724976,0
191,73,166,0.07375666499137878,0
192,332,54,0.16559699177742004,1
192,80,152,0.5620801448822021,0
192,172,182,0.09668482840061188,0
192,72,164,0.06831791251897812,0
193,65,229,0.05619821697473526,0
194,337,227,0.14717310667037964,0
194,222,106,0.0710650160908699,0
195,147,164,0.15355920791625977,0
195,271,154,0.14482267200946808,0
195,337,221,0.0921081155538559,0
196,338,209,0.11386419087648392,1
196,316,54,0.09418600052595139,1
196,338,215,0.21989764273166656,0
196,140,155,0.050792720168828964,0
196,316,54,0.12122195959091187,0
197,337,207,0.1811855286359787,1
197,311,50,0.05865299701690674,1
197,336,206,0.6229351758956909,0
197,145,205,0.052630696445703506,0
197,311,45,0.16458578407764435,0
197,124,200,0.05422908812761307,0
198,335,194,0.06896733492612839,1
198,326,195,0.11609355360269547,1
198,333,196,0.3742626905441284,0
198,121,189,0.0631953552365303,0
198,314,196,0.07539031654596329,0
199,281,37,0.24487905204296112,1
199,330,187,0.12212701886892319,1
199,328,188,0.439114511013031,0
199,99,191,0.05291096121072769,0
199,281,37,0.09663839638233185,0
199,105,187,0.06373602151870728,0
200,272,34,0.33388566970825195,1
200,250,97,0.06760744750499725,1
200,327,182,0.1317133903503418,1
200,298,246,0.05260395631194115,1
200,329,202,0.10804907977581024,1
200,272,34,0.12242966145277023,0
200,93,181,0.12663574516773224,0
200,102,181,0.10220110416412354,0
200,327,182,0.38967180252075195,0
200,329,202,0.08453778177499771,0
201,324,181,0.27159836888313293,1
201,310,214,0.07300756126642227,1
201,117,181,0.19107460975646973,0
201,115,183,0.05229334905743599,0
201,324,181,0.11703379452228546,0
202,244,85,0.11084840446710587,1
202,261,27,0.09716317802667618,1
202,324,175,0.2549298107624054,1
202,115,178,0.11845212429761887,0
202,243,89,0.07125800102949142,0
202,133,115,0.12611153721809387,0
202,324,175,0.16557937860488892,0
203,245,92,0.08497078716754913,1
203,323,181,0.3218264877796173,1
203,243,98,0.26443853974342346,0
203,134,116,0.21387305855751038,0
203,323,181,0.09935068339109421,0
204,275,32,0.21365490555763245,1
204,251,94,0.05897555872797966,1
204,325,187,0.11433780193328857,1
204,248,97,0.07564525306224823,0
204,327,191,0.05934177339076996,0
204,142,143,0.05830862373113632,0
205,278,33,0.0703740045428276,1
205,328,190,0.3332459330558777,1
205,235,123,0.06303248554468155,0
205,145,122,0.07193055748939514,0
205,328,191,0.4664871096611023,0
206,286,38,0.38455143570899963,1
206,330,202,0.0920611247420311,1
206,92,190,0.07705441862344742,0
206,252,129,0.052005585283041,0
206,286,38,0.09246035665273666,0
206,330,202,0.15238414704799652,0
207,338,215,0.24095119535923004,1
207,273,124,0.1769060343503952,1
207,338,218,0.27923494577407837,0
207,203,45,0.05533748120069504,0
207,272,124,0.48576873540878296,0
208,124,244,0.14313365519046783,0
208,307,165,0.07563375681638718,0
209,100,25,0.1006714329123497,1
209,308,125,0.07010263204574585,1
209,306,144,0.09445840865373611,0
210,193,33,0.08154891431331635,1
210,183,42,0.6469761729240417,1
210,125,155,0.13068442046642303,0
210,183,42,0.11045262217521667,0
211,221,126,0.13718532025814056,0
212,76,246,0.09838349372148514,0
212,217,121,0.08818191289901733,0
212,68,236,0.07113493233919144,0
212,90,171,0.05186862871050835,0
212,312,114,0.05286989361047745,0
212,87,181,0.08490380644798279,0
213,77,246,0.11766746640205383,0
213,213,116,0.10982631891965866,0
213,68,236,0.0862700492143631,0
213,91,179,0.10413340479135513,0
213,88,209,0.054365698248147964,0
214,91,129,0.176652729511261,0
214,76,245,0.09475189447402954,0
214,204,111,0.05574342608451843,0
215,187,118,0.11538739502429962,0
215,72,237,0.08856984227895737,0
215,182,125,0.05593710392713547,0
216,68,235,0.14433467388153076,0
217,67,235,0.057448968291282654,0
218,269,196,0.16603104770183563,0
218,73,220,0.09951695054769516,0
219,69,142,0.1035022959113121,0
220,267,126,0.126067116856575,0
221,266,121,0.2055993527173996,0
221,68,156,0.1265786737203598,0
221,333,229,0.07349936664104462,0
221,71,166,0.11236189305782318,0
222,333,221,0.15042515099048615,0
222,258,113,0.11574128270149231,0
222,65,173,0.09043651074171066,0
223,335,207,0.5234372615814209,0
223,333,116,0.5233215093612671,0
223,252,106,0.16615000367164612,0
224,334,186,0.06542106717824936,1
224,243,100,0.7551330327987671,0
224,332,186,0.40772390365600586,0
224,331,101,0.11139565706253052,0
224,337,170,0.051459554582834244,0
225,331,86,0.08730626106262207,0
225,235,93,0.08001614362001419,0
225,329,169,0.4212469756603241,0
225,121,236,0.0531059168279171,0
226,329,163,0.3130747079849243,0
226,235,86,0.25509631633758545,0
226,295,221,0.05504811182618141,0
227,232,84,0.438289612531662,0
227,294,220,0.3034447729587555,0
227,327,148,0.3658432066440582,0
227,297,227,0.060497913509607315,0
228,224,86,0.5167797803878784,0
228,319,171,0.0708489716053009,0
228,260,165,0.056617699563503265,0
228,291,219,0.05478353425860405,0
228,224,78,0.05311903357505798,0
228,326,150,0.2099384069442749,0
229,221,86,0.2833331227302551,0
229,155,210,0.10387230664491653,0
229,315,165,0.055164169520139694,0
229,323,151,0.19549372792243958,0
230,214,87,0.31183627247810364,0
230,284,211,0.05210892856121063,0
230,215,79,0.07986275851726532,0
230,324,135,0.5108610987663269,0
230,92,182,0.14606346189975739,0
230,110,205,0.08082577586174011,0
231,61,75,0.05244428664445877,1
231,251,163,0.4965812563896179,0
231,211,86,0.3914949595928192,0
231,213,84,0.07085695117712021,0
231,323,140,0.3627406656742096,0
232,242,157,0.3336753249168396,0
232,203,84,0.27062439918518066,0
232,332,242,0.07501708716154099,0
232,238,152,0.074761763215065,0
232,304,158,0.05085218325257301,0
232,202,77,0.08894284814596176,0
232,313,134,0.33367854356765747,0
233,315,135,0.06000077724456787,1
233,234,157,0.22046929597854614,0
233,333,237,0.13894057273864746,0
233,81,179,0.1259724199771881,0
233,84,196,0.09809804707765579,0
233,310,135,0.37943753600120544,0
234,187,81,0.1768740564584732,0
234,332,236,0.10639055073261261,0
234,261,213,0.05665984004735947,0
234,194,71,0.23774150013923645,0
234,302,129,0.1960078924894333,0
235,177,76,0.14704442024230957,0
235,336,227,0.08268271386623383,0
235,306,128,0.4215332269668579,0
236,170,79,0.36489337682724,0
236,259,210,0.13895322382450104,0
236,335,230,0.13093040883541107,0
236,213,155,0.05800825357437134,0
236,298,126,0.25241371989250183,0
236,337,234,0.05894151329994202,0
237,329,233,0.07125990837812424,1
237,165,75,0.3699069023132324,0
237,278,158,0.11355461180210114,0
237,334,228,0.08927807211875916,0
237,287,133,0.18848048150539398,0
237,329,233,0.09219398349523544,0
237,299,116,0.3964223563671112,0
238,330,234,0.06120023876428604,1
238,247,211,0.6498607397079468,0
238,158,78,0.6232534646987915,0
238,333,225,0.06726303696632385,0
238,277,155,0.06441617012023926,0
238,333,148,0.05535067990422249,0
238,284,136,0.1209002137184143,0
238,330,234,0.08346888422966003,0
238,300,115,0.14181290566921234,0
239,330,224,0.0952635332942009,1
239,245,210,0.5753359198570251,0
239,151,83,0.15472757816314697,0
239,333,148,0.12160526216030121,0
239,335,222,0.07190576940774918,0
239,331,232,0.05366005003452301,0
239,299,107,0.4771827757358551,0
240,297,98,0.05742360278964043,1
240,329,225,0.1520557999610901,1
240,143,82,0.6982816457748413,0
240,239,213,0.29748788475990295,0
240,332,146,0.1565917730331421,0
240,319,125,0.05350950360298157,0
240,295,104,0.5527856349945068,0
241,234,219,0.5641180872917175,0
241,134,91,0.35725411772727966,0
241,181,159,0.3562390208244324,0
241,144,86,0.09139958769083023,0
241,259,135,0.05827013775706291,0
241,281,109,0.5928756594657898,0
242,287,100,0.1008266881108284,1
242,170,159,0.4563904404640198,0
242,227,227,0.09820086508989334,0
242,123,91,0.06372338533401489,0
242,233,157,0.050312016159296036,0
242,254,132,0.14639751613140106,0
242,275,106,0.7220010161399841,0
243,273,105,0.07296328991651535,1
243,164,170,0.17851300537586212,0
243,241,136,0.10727440565824509,0
243,268,106,0.6794984340667725,0
244,337,59,0.07362476736307144,1
244,157,90,0.11541222035884857,0
244,155,173,0.11196122318506241,0
244,162,86,0.07196540385484695,0
244,107,90,0.05962223559617996,0
244,274,110,0.32886791229248047,0
245,338,59,0.5175922513008118,1
245,344,64,0.05831736698746681,1
245,326,58,0.1278354823589325,1
245,267,112,0.06887181848287582,1
245,338,59,0.07157549262046814,0
245,148,181,0.1881113052368164,0
245,219,206,0.11906097829341888,0
245,334,173,0.06018069386482239,0
245,266,105,0.07973962277173996,0
245,261,119,0.4840414226055145,0
246,336,61,0.631365180015564,1
246,344,71,0.05129272863268852,1
246,329,62,0.13681001961231232,1
246,287,101,0.0600590780377388,1
246,337,63,0.07170245796442032,0
246,147,188,0.301667720079422,0
246,99,115,0.12179654091596603,0
246,143,183,0.10194093734025955,0
246,334,181,0.09023457765579224,0
246,269,113,0.08572831749916077,0
246,268,123,0.41237393021583557,0
247,337,67,0.3550890386104584,1
247,338,89,0.09317868947982788,1
247,338,107,0.06448140740394592,1
247,344,73,0.06203091889619827,1
247,329,73,0.09926572442054749,1
247,341,72,0.05684706196188927,1
247,299,98,0.06482966989278793,1
247,146,196,0.13432812690734863,0
247,248,154,0.12331856042146683,0
247,227,177,0.05371350422501564,0
247,299,98,0.0534442737698555,0
247,252,145,0.3067268133163452,0
248,302,153,0.20527075231075287,1
248,337,67,0.23772813379764557,1
248,338,87,0.06368731707334518,1
248,325,71,0.09771760553121567,1
248,300,148,0.0921061635017395,1
248,302,99,0.0841078832745552,1
248,302,152,0.5193788409233093,0
248,97,125,0.05346810072660446,0
248,300,148,0.2302650362253189,0
248,277,137,0.16210465133190155,0
249,310,169,0.5365037322044373,1
249,336,78,0.1053343340754509,1
249,323,72,0.09550227224826813,1
249,309,86,0.06858691573143005,1
249,302,138,0.06585295498371124,1
249,309,168,0.42814546823501587,0
249,94,138,0.11690280586481094,0
249,302,138,0.06047450378537178,0
249,215,202,0.09423793852329254,0
249,237,155,0.07040780037641525,0
250,311,183,0.28606468439102173,1
250,320,184,0.09846106916666031,1
250,311,183,0.38661137223243713,0
250,320,184,0.06903082132339478,0
251,338,61,0.16229285299777985,1
251,334,75,0.050358012318611145,1
251,326,75,0.05052494257688522,1
251,235,142,0.07481950521469116,0
252,338,62,0.19797004759311676,1
252,338,157,0.10272824764251709,1
253,338,62,0.20621125400066376,1
253,338,171,0.1586380898952484,1
253,336,165,0.06947707384824753,1
253,91,163,0.05449206009507179,0
254,339,65,0.24377475678920746,1
254,339,173,0.08057275414466858,1
254,298,30,0.06367657333612442,1
254,327,116,0.09841825813055038,1
255,325,104,0.10051637887954712,1
255,163,62,0.19274656474590302,0
256,320,97,0.14268362522125244,1
256,252,29,0.08400791138410568,0
256,163,67,0.05495009198784828,0
257,298,29,0.05264272913336754,1
257,324,111,0.13074125349521637,1
257,91,172,0.13184964656829834,0
257,162,62,0.07424508035182953,0
258,338,68,0.4096716046333313,1
258,235,26,0.11735463887453079,1
258,338,181,0.11550669372081757,1
258,235,26,0.06251711398363113,0
258,338,188,0.07834821939468384,0
259,337,183,0.07702576369047165,1
259,282,23,0.05975326523184776,1
259,322,73,0.05927445366978645,1
259,336,194,0.11124306172132492,0
259,147,139,0.07545053213834763,0
259,141,146,0.06664232164621353,0
260,268,22,0.22447362542152405,1
260,328,184,0.1340656876564026,1
260,309,178,0.06483117491006851,1
260,123,139,0.05245585739612579,0
260,328,184,0.3203868567943573,0
260,309,178,0.0890389010310173,0
261,319,71,0.26661235094070435,1
261,323,175,0.09224354475736618,1
261,305,184,0.07789524644613266,1
261,97,138,0.09630056470632553,0
261,323,183,0.08971039950847626,0
261,305,196,0.1145005151629448,0
262,266,213,0.06221422553062439,1
262,319,68,0.5327903628349304,1
262,313,173,0.06533104926347733,1
262,294,180,0.08311697840690613,1
262,266,213,0.33552494645118713,0
262,312,181,0.055038709193468094,0
262,278,180,0.09986802190542221,0
263,318,66,0.5095536708831787,1
263,312,170,0.1345771700143814,1
263,300,178,0.07309002429246902,1
263,261,211,0.07842467725276947,0
263,312,175,0.0927567183971405,0
263,300,178,0.0597151517868042,0
264,318,64,0.6097078919410706,1
264,313,167,0.10999178886413574,1
264,301,176,0.05150076746940613,1
264,259,211,0.08034097403287888,0
264,316,60,0.062412966042757034,0
264,313,167,0.05568884313106537,0
265,325,164,0.05673757568001747,1
265,318,63,0.6366671323776245,1
265,310,166,0.05919604375958443,1
265,317,59,0.05391809716820717,0
266,330,163,0.06880784779787064,1
266,318,62,0.6928902268409729,1
266,251,204,0.09206247329711914,0
266,276,182,0.0765601098537445,0
267,337,158,0.09067369997501373,1
267,318,62,0.6852845549583435,1
267,296,171,0.07004698365926743,1
267,298,182,0.05561310052871704,1
267,317,58,0.05521421879529953,0
267,296,178,0.055600155144929886,0
267,300,199,0.09988399595022202,0
268,337,158,0.1384894996881485,1
268,318,61,0.7195497155189514,1
268,333,227,0.11228594183921814,0
268,317,57,0.05255904793739319,0
268,305,205,0.06494501233100891,0
269,337,156,0.26755034923553467,1
269,316,55,0.6889973282814026,1
269,303,182,0.055626850575208664,1
269,337,156,0.05490024387836456,0
269,316,55,0.06831318140029907,0
269,330,221,0.10072771459817886,0
269,307,205,0.08199767768383026,0
270,337,156,0.26444244384765625,1
270,314,49,0.6881334781646729,1
270,338,161,0.05830497294664383,0
270,316,52,0.08201342821121216,0
270,331,218,0.08297997713088989,0
270,237,176,0.06043509766459465,0
271,337,154,0.11677063256502151,1
271,314,47,0.6991069912910461,1
271,298,182,0.056555308401584625,1
271,285,238,0.09394323080778122,0
271,316,50,0.09742669761180878,0
271,330,217,0.0796637162566185,0
271,304,205,0.07231969386339188,0
272,312,46,0.7598296403884888,1
272,283,239,0.5435720086097717,0
272,314,49,0.12063765525817871,0
272,329,215,0.12201850116252899,0
272,305,208,0.08535385131835938,0
273,312,45,0.6915217638015747,1
273,272,184,0.05603097379207611,1
273,307,207,0.07190986722707748,1
273,279,237,0.2732834219932556,0
273,312,45,0.1666625589132309,0
273,327,216,0.15854379534721375,0
273,307,207,0.1346416026353836,0
274,337,108,0.07703108340501785,1
274,312,44,0.7467072606086731,1
274,213,160,0.06069661304354668,1
274,262,180,0.06973803788423538,1
274,278,237,0.5267215371131897,0
274,282,247,0.06848688423633575,0
274,156,36,0.05958469584584236,0
274,312,44,0.1333061158657074,0
274,327,211,0.058445826172828674,0
274,213,173,0.06556317955255508,0
274,299,202,0.08468621224164963,0
275,154,38,0.14126238226890564,1
275,337,108,0.06581144034862518,1
275,310,44,0.7114622592926025,1
275,206,160,0.06802099943161011,1
275,276,238,0.2526971399784088,0
275,154,38,0.22385194897651672,0
275,310,44,0.1702224165201187,0
275,188,174,0.07966754585504532,0
275,302,203,0.05150275304913521,0
276,309,43,0.6874828934669495,1
276,217,156,0.053530074656009674,1
276,266,184,0.11240161210298538,1
276,270,238,0.21628890931606293,0
276,309,43,0.1950751394033432,0
276,272,200,0.10008521378040314,0
277,334,107,0.05685015022754669,1
277,308,44,0.6520258188247681,1
277,208,175,0.08110176771879196,1
277,259,177,0.07036957889795303,1
277,268,244,0.06939001381397247,0
277,308,44,0.18268054723739624,0
277,188,174,0.08084560185670853,0
278,306,46,0.7415328621864319,1
278,200,179,0.06390156596899033,1
278,307,49,0.24739591777324677,0
278,181,179,0.0963132381439209,0
279,305,51,0.5925906300544739,1
279,204,180,0.06545807421207428,1
279,305,54,0.47533395886421204,0
279,183,178,0.06660258769989014,0
280,333,141,0.07469259202480316,1
280,306,55,0.6775140166282654,1
280,183,185,0.10925249010324478,1
280,303,58,0.34757375717163086,0
280,183,185,0.25550568103790283,0
281,335,140,0.09209977835416794,1
281,301,59,0.3527149558067322,1
281,300,60,0.3372959792613983,0
282,298,63,0.20441855490207672,1
282,332,147,0.15029142796993256,1
282,119,178,0.05390673875808716,1
282,176,205,0.050108104944229126,1
282,298,64,0.4390963017940521,0
282,119,178,0.0627199038863182,0
283,300,68,0.15504644811153412,1
283,329,156,0.4945942759513855,1
283,332,168,0.06469310820102692,1
283,329,156,0.16816765069961548,0
283,301,69,0.4600341022014618,0
284,297,70,0.07362553477287292,1
284,329,159,0.5571751594543457,1
284,117,187,0.05761996656656265,1
284,297,65,0.3543808162212372,0
284,329,159,0.21542057394981384,0
285,328,167,0.44760388135910034,1
285,297,70,0.2468263804912567,0
285,328,167,0.41784030199050903,0
286,326,167,0.479576975107193,1
286,117,188,0.1130560114979744,1
286,305,222,0.12403547018766403,1
286,213,275,0.07661861926317215,0
286,326,167,0.2596496045589447,0
286,294,76,0.4598950445652008,0
286,117,188,0.06630272418260574,0
287,327,170,0.3579612970352173,1
287,298,233,0.21865567564964294,1
287,329,176,0.051836371421813965,1
287,143,207,0.07471609860658646,1
287,327,170,0.2083953469991684,0
287,294,78,0.42172473669052124,0
287,143,207,0.056635357439517975,0
288,296,81,0.06473707407712936,1
288,328,171,0.2220105230808258,1
288,297,236,0.3869921863079071,1
288,116,189,0.05019110441207886,1
288,143,207,0.05322703346610069,1
288,328,171,0.4620700478553772,0
288,296,238,0.12001845240592957,0
288,294,79,0.5636879801750183,0
289,325,173,0.4946398437023163,1
289,298,238,0.25268179178237915,1
289,312,202,0.08670878410339355,1
289,325,173,0.40903809666633606,0
289,298,238,0.08393479138612747,0
289,296,84,0.5045114755630493,0
290,295,82,0.07579360157251358,1
290,328,174,0.2885577082633972,1
290,293,239,0.422808438539505,1
290,143,214,0.06410212814807892,1
290,304,217,0.07018595188856125,1
290,328,174,0.33242759108543396,0
290,293,239,0.19698874652385712,0
290,293,81,0.5470978617668152,0
291,298,81,0.05113863945007324,1
291,325,175,0.4904190003871918,1
291,291,240,0.42374080419540405,1
291,142,212,0.08516515046358109,1
291,309,206,0.11587824672460556,1
291,325,175,0.39327988028526306,0
291,291,240,0.12289685755968094,0
291,294,84,0.3750641942024231,0
292,326,178,0.4801468551158905,1
292,290,240,0.3480188846588135,1
292,143,215,0.13241644203662872,1
292,308,213,0.08251474052667618,1
292,170,233,0.059473440051078796,1
292,326,178,0.22263625264167786,0
292,290,240,0.09577905386686325,0
292,294,84,0.3733930289745331,0
292,148,229,0.05977502465248108,0
293,325,180,0.5768547654151917,1
293,289,240,0.365120530128479,1
293,293,84,0.05023713409900665,1
293,330,182,0.08947814255952835,1
293,118,209,0.12024639546871185,1
293,306,214,0.09191016852855682,1
293,325,180,0.12528249621391296,0
293,289,240,0.10049126297235489,0
293,293,84,0.40859219431877136,0
294,325,180,0.7138751745223999,1
294,289,241,0.352357417345047,1
294,111,196,0.08117564022541046,1
294,312,208,0.1173413097858429,1
294,144,228,0.13646697998046875,1
294,325,180,0.1593724489212036,0
294,289,241,0.07832403481006622,0
294,292,86,0.19220727682113647,0
295,205,244,0.05299418792128563,1
295,124,209,0.2439485788345337,1
295,177,235,0.19901826977729797,1
295,269,239,0.47405382990837097,1
295,205,244,0.1683630496263504,0
295,277,237,0.11263052374124527,0
295,274,82,0.13406753540039062,0
295,129,220,0.09823346883058548,0
295,177,235,0.05216794088482857,0
296,275,80,0.09881052374839783,1
296,142,232,0.16429419815540314,1
296,218,238,0.07621586322784424,1
296,275,242,0.5184491872787476,1
296,194,275,0.08491525053977966,0
296,275,242,0.22865785658359528,0
296,275,80,0.3204239010810852,0
296,125,228,0.06809722632169724,0
297,324,189,0.17522065341472626,1
297,275,82,0.1021062433719635,1
297,117,215,0.2332770675420761,1
297,163,238,0.06776990741491318,1
297,272,241,0.26631563901901245,1
297,275,82,0.2543758153915405,0
297,121,226,0.12747646868228912,0
298,327,187,0.43884599208831787,1
298,268,247,0.3199778199195862,1
298,277,84,0.22504717111587524,1
298,333,169,0.07095685601234436,1
298,120,228,0.33297231793403625,1
298,277,84,0.34675222635269165,0
298,120,228,0.11627403646707535,0
299,324,189,0.26614800095558167,1
299,271,249,0.2944044768810272,1
299,274,89,0.07313266396522522,1
299,118,225,0.48903509974479675,1
299,274,89,0.18245163559913635,0
299,118,225,0.06402147561311722,0
300,327,189,0.18720391392707825,1
300,273,249,0.41425302624702454,1
300,120,227,0.5356433391571045,1
300,273,91,0.11806219816207886,0
300,120,227,0.05785323679447174,0
301,328,190,0.1842266023159027,1
301,277,250,0.16649329662322998,1
301,294,95,0.06822600960731506,1
301,121,234,0.8023086786270142,1
301,294,95,0.08810865879058838,0
301,121,234,0.08552322536706924,0
302,88,198,0.050399988889694214,1
302,328,186,0.1799476146697998,1
302,282,249,0.27071520686149597,1
302,291,91,0.08514931052923203,1
302,115,233,0.7755144238471985,1
302,107,177,0.05967332050204277,1
302,276,88,0.10894553363323212,0
302,115,233,0.06899219006299973,0
303,327,184,0.3134421706199646,1
303,281,249,0.32545650005340576,1
303,114,231,0.8223878145217896,1
303,108,176,0.06968148797750473,1
304,327,184,0.4247117340564728,1
304,283,249,0.29047831892967224,1
304,112,232,0.8231215476989746,1
304,108,177,0.07473040372133255,1
304,327,184,0.07596956938505173,0
305,328,182,0.17170168459415436,1
305,283,247,0.331696093082428,1
305,294,93,0.05238822102546692,1
305,108,231,0.6361204385757446,1
305,104,181,0.06047496199607849,1
306,199,269,0.1182851567864418,1
306,328,184,0.18881942331790924,1
306,283,248,0.4408408999443054,1
306,141,252,0.05991445109248161,1
306,178,262,0.06177620589733124,1
306,111,234,0.7684648036956787,1
306,106,182,0.0759202092885971,1
307,202,269,0.058090150356292725,1
307,329,184,0.5197667479515076,1
307,84,211,0.06970763206481934,1
307,332,203,0.052554283291101456,1
307,107,234,0.5378035306930542,1
307,303,233,0.07429172098636627,1
307,102,192,0.06968102604150772,1
307,329,184,0.09341221302747726,0
308,333,167,0.0821760892868042,1
308,330,181,0.6403522491455078,1
308,333,199,0.08091124892234802,1
308,107,235,0.6782849431037903,1
308,304,229,0.07222512364387512,1
308,271,240,0.06474972516298294,1
308,104,192,0.08374615013599396,1
308,330,181,0.13005857169628143,0
309,336,174,0.29273971915245056,1
309,332,182,0.3688631057739258,1
309,83,214,0.09047292172908783,1
309,138,257,0.12713702023029327,1
309,106,238,0.49433186650276184,1
309,169,242,0.06642229855060577,1
309,336,174,0.17695629596710205,0
309,332,182,0.06598924100399017,0
310,87,227,0.050105515867471695,1
310,140,258,0.14212924242019653,1
310,306,86,0.16121555864810944,1
310,113,241,0.37087684869766235,1
310,166,243,0.05962542071938515,1
310,104,206,0.08482038974761963,1
310,306,86,0.08613920956850052,0
310,113,241,0.06168679893016815,0
311,145,259,0.11376034468412399,1
311,138,21,0.05930287390947342,1
311,94,234,0.7345696687698364,1
311,129,258,0.13415078818798065,1
311,139,236,0.05084409564733505,1
311,97,203,0.08735962212085724,1
311,145,259,0.10751990228891373,0
311,129,258,0.05699611082673073,0
311,92,235,0.12887540459632874,0
312,95,236,0.7790374755859375,1
312,113,252,0.10343797504901886,1
312,144,262,0.07074250280857086,1
312,300,163,0.15143989026546478,1
312,97,203,0.09184034913778305,1
312,94,236,0.09342896193265915,0
313,148,262,0.11943499743938446,1
313,132,21,0.06263600289821625,1
313,95,239,0.8093066811561584,1
313,126,258,0.07242888957262039,1
313,97,204,0.08799273520708084,1
313,148,262,0.059357721358537674,0
313,100,241,0.10671617835760117,0
314,148,264,0.11553115397691727,1
314,132,21,0.05446226894855499,1
314,96,241,0.6856208443641663,1
314,125,259,0.10155709832906723,1
314,302,144,0.05680488422513008,1
314,96,207,0.08181849122047424,1
314,148,264,0.20735885202884674,0
314,101,244,0.12892182171344757,0
315,124,22,0.12471499294042587,1
315,147,264,0.10707166790962219,1
315,96,240,0.8139955401420593,1
315,123,257,0.08704961836338043,1
315,98,208,0.10834755003452301,1
315,124,22,0.052002761512994766,0
315,95,240,0.10031528025865555,0
316,140,265,0.178929403424263,1
316,338,182,0.13938379287719727,1
316,89,241,0.7023258209228516,1
316,124,262,0.11844148486852646,1
316,95,210,0.10102711617946625,1
316,140,265,0.05552253872156143,0
316,338,182,0.05165763571858406,0
316,89,240,0.10759773850440979,0
317,333,176,0.392926424741745,1
317,135,267,0.08687305450439453,1
317,339,181,0.09794881194829941,1
317,91,245,0.7550793886184692,1
317,118,260,0.05385657027363777,1
317,96,208,0.09296003729104996,1
317,333,176,0.10675273090600967,0
317,90,243,0.07979016751050949,0
318,131,272,0.06751865893602371,1
318,92,251,0.5409753918647766,1
318,116,261,0.056334588676691055,1
318,94,225,0.06928689032793045,1
319,128,274,0.052425917237997055,1
319,90,255,0.2210782766342163,1
319,179,174,0.09397251904010773,0
319,148,139,0.07382582128047943,0
320,122,274,0.055790092796087265,1
320,87,255,0.21160632371902466,1
320,147,145,0.4027070105075836,0
321,87,256,0.20457668602466583,1
321,147,146,0.26878583431243896,0
322,84,257,0.2271805703639984,1
322,61,240,0.05153303220868111,1
322,147,146,0.09039781242609024,0
323,85,257,0.09950108081102371,1
323,140,147,0.05008446052670479,0
324,84,259,0.11464041471481323,1
324,148,146,0.1960834413766861,0
324,141,153,0.05887662619352341,0
325,86,259,0.05655849352478981,1
325,147,154,0.24203433096408844,0
325,142,162,0.05773934721946716,0
326,149,155,0.2914697825908661,0
327,179,188,0.05886072292923927,0
328,151,155,0.3606341481208801,0
328,151,164,0.05931432917714119,0
329,155,157,0.18334181606769562,0
330,179,229,0.054996736347675323,0
331,242,26,0.15042831003665924,1
331,324,121,0.05530346930027008,1
332,277,84,0.47309616208076477,1
332,279,82,0.0681169256567955,0
332,205,204,0.06315278261899948,0
333,211,218,0.23810362815856934,0
333,187,173,0.05098637938499451,0
333,324,144,0.05598220229148865,0
334,142,149,0.24047812819480896,0
334,153,187,0.08127933740615845,0
334,148,152,0.13061076402664185,0
334,149,166,0.07583631575107574,0
335,197,187,0.38578343391418457,0
335,97,115,0.10990659892559052,0
335,93,110,0.057653553783893585,0
335,179,178,0.052939821034669876,0
336,172,196,0.05772276967763901,0
336,131,109,0.05200652778148651,0
336,124,115,0.05136829614639282,0
337,135,116,0.4111880958080292,0
337,135,109,0.05001189559698105,0
338,140,112,0.5313388109207153,0
338,181,198,0.09282758086919785,0
338,185,202,0.05237649008631706,0
339,139,113,0.64223313331604,0
340,139,111,0.5315359234809875,0
341,138,117,0.24306964874267578,0
342,133,127,0.07587365806102753,0
343,132,27,0.05571683868765831,1
343,137,132,0.7614358067512512,0
343,333,135,0.14189322292804718,0
344,131,125,0.05864768847823143,0
344,139,132,0.0527971126139164,0
345,133,130,0.1654120534658432,0
345,106,90,0.0589359886944294,0
347,105,91,0.05665440857410431,0
348,125,119,0.36550283432006836,0
349,220,230,0.06484892219305038,0
350,180,190,0.42935308814048767,0
351,198,223,0.18197569251060486,0
351,337,133,0.09061496704816818,0
351,334,146,0.0625617653131485,0
352,85,114,0.06880602240562439,0
352,333,123,0.05450631305575371,0
353,333,67,0.07002327591180801,1
353,338,74,0.05355728790163994,1
353,155,186,0.23788157105445862,0
353,69,99,0.19777455925941467,0
353,162,193,0.053375471383333206,0
354,334,73,0.12316577136516571,1
354,333,91,0.09479453414678574,1
354,338,82,0.08934792876243591,1
354,337,62,0.052022211253643036,1
354,65,101,0.06305214017629623,0
355,338,67,0.0984286293387413,1
355,339,81,0.06681841611862183,1
356,310,125,0.05633210763335228,1
356,313,130,0.3394477069377899,0
357,311,121,0.05540258437395096,1
357,132,195,0.0702657699584961,0
357,313,126,0.2247852236032486,0
357,307,154,0.05745512992143631,0
358,132,194,0.20900534093379974,0
358,315,134,0.18462024629116058,0
359,132,196,0.15688654780387878,0
359,316,130,0.1865205466747284,0
359,308,156,0.052177537232637405,0
360,134,196,0.2642226219177246,0
360,323,137,0.10034797340631485,0
361,138,196,0.11004605144262314,0
361,132,201,0.05370571091771126,0
361,322,134,0.15570740401744843,0
361,309,158,0.05389164388179779,0
362,316,146,0.10165701061487198,0
363,132,202,0.31346309185028076,0
363,143,202,0.05402209609746933,0
363,309,163,0.0921146348118782,0
364,337,73,0.07004103809595108,1
364,286,28,0.05208200216293335,1
364,133,205,0.3448948264122009,0
365,284,31,0.05399072915315628,1
365,131,204,0.4639771282672882,0
365,120,209,0.0602981261909008,0
365,266,173,0.05366796627640724,0
366,277,31,0.21027912199497223,1
366,125,205,0.13220559060573578,0
366,257,171,0.06351424008607864,0
366,296,145,0.06365662068128586,0
367,270,31,0.2528390884399414,1
367,298,133,0.13355690240859985,1
367,122,205,0.23743857443332672,0
367,252,170,0.059697795659303665,0
367,297,139,0.32927563786506653,0
368,260,30,0.05461673066020012,1
368,295,136,0.15488563477993011,1
368,115,210,0.08639924973249435,0
368,122,205,0.0659489557147026,0
368,294,138,0.2756096422672272,0
369,255,33,0.05933137610554695,1
369,294,133,0.1878378540277481,1
369,114,204,0.13017359375953674,0
369,109,210,0.07150733470916748,0
369,284,137,0.3268849551677704,0
370,284,132,0.23087061941623688,1
370,282,134,0.4089645445346832,0
371,282,133,0.2942976653575897,1
371,281,136,0.488092303276062,0
372,246,40,0.056790873408317566,1
372,276,142,0.31560853123664856,1
372,109,211,0.21626053750514984,0
372,114,217,0.05836201086640358,0
372,276,142,0.43597328662872314,0
373,278,150,0.2646613121032715,1
373,278,150,0.23882658779621124,0
374,272,166,0.3495161533355713,1
374,267,166,0.49664682149887085,0
375,268,174,0.3233758807182312,1
375,230,194,0.0623917356133461,0
375,268,174,0.2770911455154419,0
376,308,60,0.050375595688819885,1
376,275,180,0.2667127847671509,1
376,275,180,0.5367462635040283,0
377,307,60,0.0562373585999012,1
377,266,187,0.3587397336959839,1
377,231,207,0.07313694804906845,0
377,263,190,0.2830491364002228,0
378,266,186,0.4195432662963867,1
378,231,204,0.08634974807500839,0
378,263,189,0.3405248522758484,0
379,264,188,0.34473955631256104,1
379,262,191,0.2250249981880188,0
380,257,192,0.29165491461753845,1
380,258,193,0.32022595405578613,0
381,240,62,0.07669159770011902,1
381,294,76,0.058551035821437836,1
381,253,201,0.11324309557676315,1
381,221,220,0.0519794262945652,0
381,259,200,0.2072955220937729,0
382,218,75,0.13374808430671692,1
382,253,204,0.11399168521165848,1
382,237,151,0.05086860805749893,1
382,258,203,0.2234325259923935,0
383,210,74,0.4963492453098297,1
383,283,80,0.0627642422914505,1
383,249,210,0.06494748592376709,1
383,210,74,0.0904574766755104,0
383,259,210,0.12164979428052902,0
384,207,76,0.6683829426765442,1
384,252,211,0.13505509495735168,1
384,225,104,0.17751343548297882,1
384,207,76,0.059894904494285583,0
384,259,211,0.22627419233322144,0
385,197,82,0.7075633406639099,1
385,251,215,0.21844111382961273,1
385,217,112,0.14034916460514069,1
385,195,83,0.0775701180100441,0
385,251,226,0.23317892849445343,0
386,196,90,0.6654751300811768,1
386,299,87,0.06019165739417076,1
386,213,138,0.05728133022785187,1
386,194,90,0.09680479019880295,0
386,248,234,0.08619926124811172,0
387,300,143,0.055924057960510254,1
387,307,135,0.12710146605968475,1
387,187,102,0.7741795778274536,1
387,187,102,0.0738874077796936,0
388,308,135,0.06787008047103882,1
388,186,107,0.8582581281661987,1
388,266,242,0.062533438205719,0
388,186,107,0.055435195565223694,0
389,307,135,0.18070751428604126,1
389,188,114,0.8471638560295105,1
389,205,131,0.06066211685538292,1
389,188,114,0.06034179404377937,0
390,307,148,0.20169919729232788,1
390,188,122,0.826144278049469,1
390,203,134,0.06141332909464836,1
390,188,122,0.06400417536497116,0
391,321,156,0.055614862591028214,1
391,309,164,0.2993883192539215,1
391,185,133,0.8407614827156067,1
391,185,133,0.06889460235834122,0
392,305,178,0.05008407309651375,1
392,186,141,0.8634088039398193,1
392,186,141,0.07289882004261017,0
393,303,185,0.3488270044326782,1
393,309,178,0.08703552186489105,1
393,188,148,0.8583642244338989,1
393,303,185,0.15829767286777496,0
393,188,148,0.05507025122642517,0
394,309,186,0.4288537800312042,1
394,190,152,0.8505955338478088,1
394,307,187,0.1389291137456894,0
395,311,197,0.11051415652036667,1
395,191,157,0.8032866716384888,1
395,311,197,0.10122781246900558,0
396,333,98,0.055172037333250046,1
396,189,162,0.8034657835960388,1
397,191,164,0.8089877367019653,1
397,314,201,0.280217707157135,0
398,197,162,0.8234556913375854,1
398,314,201,0.33888527750968933,0
399,313,198,0.07839015126228333,1
399,187,166,0.8651388883590698,1
399,311,199,0.09000855684280396,0
400,310,196,0.2769249677658081,1
400,182,164,0.8762283325195312,1
400,308,197,0.2563152611255646,0
401,307,194,0.48942795395851135,1
401,177,163,0.8641500473022461,1
401,306,194,0.3712780177593231,0
402,305,192,0.4457007050514221,1
402,173,165,0.8595487475395203,1
402,305,192,0.5256015062332153,0
403,304,191,0.5894861817359924,1
403,169,165,0.840829610824585,1
403,304,192,0.5387139916419983,0
404,305,192,0.6309774518013,1
404,166,166,0.8415358066558838,1
404,304,192,0.4741547703742981,0
405,304,191,0.6657541990280151,1
405,164,167,0.8173015117645264,1
405,303,191,0.4233837425708771,0
405,169,166,0.05244314298033714,0
406,303,192,0.5614256858825684,1
406,164,169,0.8083644509315491,1
406,303,192,0.42551812529563904,0
407,303,195,0.5314861536026001,1
407,163,169,0.8087620735168457,1
407,303,194,0.4252866804599762,0
407,166,167,0.05325040966272354,0
408,304,194,0.4904289245605469,1
408,160,174,0.8170265555381775,1
408,304,195,0.46042436361312866,0
408,165,170,0.052072953432798386,0
409,305,196,0.5233674049377441,1
409,162,173,0.828333854675293,1
409,305,196,0.3233557939529419,0
410,305,197,0.4374065399169922,1
410,162,176,0.8287051916122437,1
410,306,197,0.2531045079231262,0
411,305,199,0.5665983557701111,1
411,159,177,0.8026450276374817,1
411,305,199,0.22530750930309296,0
412,304,199,0.5730561017990112,1
412,159,179,0.8063864707946777,1
412,306,200,0.19190721213817596,0
413,305,203,0.5813136100769043,1
413,159,180,0.8112491369247437,1
413,306,203,0.21876560151576996,0
414,306,205,0.43728017807006836,1
414,164,180,0.8624446988105774,1
414,307,203,0.15163910388946533,0
415,307,210,0.4262655973434448,1
415,165,183,0.9016650319099426,1
415,308,209,0.36432647705078125,0
416,308,212,0.5285770297050476,1
416,169,184,0.9102723002433777,1
416,309,212,0.17095090448856354,0
417,311,217,0.23858632147312164,1
417,172,189,0.9174778461456299,1
417,311,217,0.10161895304918289,0
418,317,220,0.18949955701828003,1
418,175,189,0.9210790991783142,1
418,314,218,0.2550598978996277,0
419,321,221,0.13216260075569153,1
419,328,211,0.051541149616241455,1
419,177,190,0.8973519802093506,1
419,321,221,0.07430519908666611,0
420,322,220,0.20627263188362122,1
420,334,83,0.057194024324417114,1
420,179,191,0.9091801643371582,1
420,321,221,0.24443618953227997,0
421,322,222,0.26823362708091736,1
421,334,84,0.08385355770587921,1
421,338,92,0.07271932065486908,1
421,333,99,0.05384854972362518,1
421,180,191,0.9131737947463989,1
421,322,223,0.35550451278686523,0
421,67,105,0.059183720499277115,0
422,322,224,0.1287447214126587,1
422,338,84,0.11221713572740555,1
422,338,99,0.07950426638126373,1
422,334,77,0.0679473951458931,1
422,333,107,0.057137638330459595,1
422,181,190,0.9151740670204163,1
422,322,224,0.20702475309371948,0
422,215,38,0.07873113453388214,0
423,325,226,0.1820961982011795,1
423,334,85,0.1346587985754013,1
423,338,100,0.10614273697137833,1
423,183,191,0.9075627326965332,1
423,325,225,0.4600561261177063,0
424,325,226,0.12110200524330139,1
424,337,93,0.13616956770420074,1
424,338,108,0.12049290537834167,1
424,338,78,0.0709984079003334,1
424,185,191,0.9047580361366272,1
424,324,226,0.425229549407959,0
425,334,84,0.12328764796257019,1
425,338,92,0.10293254256248474,1
425,338,108,0.10215753316879272,1
425,328,225,0.06292404979467392,1
425,186,191,0.9006763100624084,1
425,334,92,0.05175239220261574,0
425,328,225,0.07618176192045212,0
426,328,225,0.06890112906694412,1
426,338,109,0.09097462892532349,1
426,338,93,0.07615963369607925,1
426,334,101,0.06828470528125763,1
426,334,85,0.05478500947356224,1
426,186,191,0.8935868144035339,1
426,328,225,0.1674758791923523,0
427,338,101,0.14784640073776245,1
427,328,224,0.08888854086399078,1
427,338,86,0.09403590857982635,1
427,334,115,0.05334608629345894,1
427,187,190,0.9057334661483765,1
427,328,224,0.1087695062160492,0
428,338,84,0.16390913724899292,1
428,338,100,0.1134105697274208,1
428,334,77,0.08803389966487885,1
428,337,116,0.05979347974061966,1
428,189,186,0.903602659702301,1
429,338,85,0.11870016157627106,1
429,338,100,0.08907369524240494,1
429,335,92,0.08688372373580933,1
429,334,77,0.05864236131310463,1
429,189,183,0.9194126725196838,1
430,328,214,0.15174025297164917,1
430,338,93,0.12347812950611115,1
430,338,77,0.08796140551567078,1
430,334,84,0.08565830439329147,1
430,189,181,0.9247872233390808,1
430,328,214,0.056356269866228104,0
431,338,85,0.19681239128112793,1
431,338,70,0.12379741668701172,1
431,338,107,0.05522945895791054,1
431,189,175,0.9173734784126282,1
432,338,84,0.23706434667110443,1
432,338,63,0.09177025407552719,1
432,334,97,0.05354740470647812,1
432,193,170,0.8477434515953064,1
432,334,90,0.06656093895435333,0
433,338,77,0.21816270053386688,1
433,329,206,0.16650722920894623,1
433,334,89,0.0971846729516983,1
433,338,63,0.0939161404967308,1
433,338,97,0.06977040320634842,1
433,194,170,0.8623639941215515,1
433,329,206,0.058263227343559265,0
433,334,83,0.06030987203121185,0
434,337,77,0.21497759222984314,1
434,338,63,0.08676843345165253,1
434,338,98,0.07574128359556198,1
434,194,168,0.8397216796875,1
435,338,84,0.18755455315113068,1
435,338,70,0.1075792908668518,1
435,194,167,0.8435263633728027,1
436,338,77,0.20527023077011108,1
436,338,63,0.07889129966497421,1
436,339,97,0.071284718811512,1
436,195,167,0.8617250323295593,1
437,338,77,0.21079978346824646,1
437,338,63,0.07790021598339081,1
437,335,90,0.05212695524096489,1
437,195,166,0.8709324598312378,1
438,338,76,0.20173563063144684,1
438,338,62,0.08752182871103287,1
438,339,90,0.0849788710474968,1
438,197,164,0.8595343828201294,1
439,338,75,0.2477441281080246,1
439,335,63,0.07984692603349686,1
439,200,163,0.8660752177238464,1
440,339,77,0.1139664575457573,1
440,338,92,0.057485513389110565,1
440,335,83,0.05728976055979729,1
440,203,158,0.9134920239448547,1
441,301,253,0.06120213121175766,1
441,339,76,0.055093955248594284,1
441,202,156,0.925901472568512,1
441,301,253,0.08514115959405899,0
442,338,75,0.12441752851009369,1
442,334,67,0.06721758097410202,1
442,202,154,0.9409030675888062,1
443,339,76,0.0572197400033474,1
443,201,152,0.9290260076522827,1
444,338,76,0.11025746911764145,1
444,330,190,0.07287932932376862,1
444,334,67,0.05812310799956322,1
444,203,151,0.9319609999656677,1
445,203,150,0.9437844157218933,1
446,339,76,0.07702282816171646,1
446,331,190,0.051053181290626526,1
446,201,151,0.9431998133659363,1
447,330,190,0.054780784994363785,1
447,202,151,0.9473513960838318,1
448,204,151,0.9481719136238098,1
449,332,189,0.05114147812128067,1
449,204,151,0.951903223991394,1
450,338,85,0.05180784687399864,1
450,204,153,0.9424017071723938,1
451,203,153,0.9414557814598083,1
452,333,190,0.06510262936353683,1
452,204,152,0.9415950179100037,1
453,203,152,0.9445537328720093,1
454,339,77,0.06965269893407822,1
454,204,152,0.9515708684921265,1
455,204,151,0.9455831050872803,1
456,205,152,0.9426971077919006,1
456,328,141,0.056610316038131714,0
457,205,149,0.946815550327301,1
458,205,149,0.955116868019104,1
459,204,148,0.9505113959312439,1
460,204,148,0.9466611742973328,1
461,203,146,0.9342150092124939,1
462,203,146,0.9416112899780273,1
463,202,146,0.9362508058547974,1
463,322,103,0.056419290602207184,0
464,203,147,0.9350796341896057,1
465,203,144,0.9280481934547424,1
466,203,145,0.9265579581260681,1
467,203,146,0.9267256259918213,1
468,203,144,0.9305137991905212,1
468,330,91,0.059342242777347565,0
469,204,146,0.9070150852203369,1
470,202,143,0.9228746891021729,1
470,322,178,0.05077222362160683,0
471,203,145,0.9044837951660156,1
472,203,145,0.9288471341133118,1
473,203,148,0.9328112006187439,1
474,222,129,0.0554635189473629,1
474,202,148,0.9293895959854126,1
475,202,146,0.9240360260009766,1
476,202,146,0.9198171496391296,1
477,201,147,0.8782830834388733,1
478,202,140,0.8973737955093384,1
479,201,137,0.8596742749214172,1
479,327,88,0.06721004843711853,0
480,201,135,0.8044938445091248,1
480,329,77,0.18084748089313507,0
480,331,96,0.06488130241632462,0
481,203,130,0.7773357629776001,1
482,326,153,0.11912049353122711,1
482,204,130,0.7903479933738708,1
482,326,153,0.06419970095157623,0
483,204,128,0.7837004661560059,1
484,205,126,0.878951370716095,1
484,330,77,0.05943369120359421,0
485,328,149,0.09256310015916824,1
485,206,126,0.8027839064598083,1
485,328,149,0.05447015166282654,0
486,207,123,0.8800275325775146,1
486,328,74,0.05203794315457344,0
487,207,124,0.8516640067100525,1
488,206,123,0.8219800591468811,1
488,292,234,0.06558145582675934,0
488,272,244,0.08658163994550705,0
489,206,121,0.7757297158241272,1
489,284,232,0.19069994986057281,0
490,328,134,0.053633395582437515,1
490,207,118,0.7975214123725891,1
490,296,221,0.06329017132520676,1
490,218,144,0.10620441287755966,1
490,283,230,0.261366069316864,0
491,222,83,0.050776705145835876,1
491,205,118,0.6475610136985779,1
491,298,216,0.12590301036834717,1
491,226,155,0.06082092598080635,1
491,277,235,0.10863497853279114,0
491,298,216,0.2753250002861023,0
492,208,111,0.6830781102180481,1
492,293,210,0.23691315948963165,1
492,235,156,0.08838655799627304,1
492,293,210,0.3499704599380493,0
493,208,112,0.6815763115882874,1
493,293,207,0.30539411306381226,1
493,238,158,0.07884421944618225,1
493,276,230,0.05021479353308678,0
493,293,207,0.2877007722854614,0
494,210,110,0.7138271331787109,1
494,294,205,0.30085811018943787,1
494,239,153,0.09332859516143799,1
494,294,205,0.36530640721321106,0
495,209,109,0.5599080324172974,1
495,295,204,0.2934475839138031,1
495,273,171,0.06313315033912659,1
495,295,204,0.3817538917064667,0
496,212,110,0.5389919281005859,1
496,294,199,0.25737375020980835,1
496,272,169,0.08683871477842331,1
496,294,199,0.39220210909843445,0
497,215,116,0.42653200030326843,1
497,248,153,0.09497413039207458,1
497,293,189,0.37204694747924805,1
497,292,191,0.34408771991729736,0
498,218,119,0.3175657391548157,1
498,255,156,0.13554860651493073,1
498,291,182,0.38895389437675476,1
498,292,187,0.3650655448436737,0
499,215,110,0.40116065740585327,1
499,246,148,0.08583514392375946,1
499,296,187,0.2087462693452835,1
499,295,191,0.36602336168289185,0
500,337,108,0.061738066375255585,1
500,333,93,0.05175718665122986,1
500,216,96,0.3369619846343994,1
500,231,119,0.21365663409233093,1
500,281,170,0.10053624957799911,1
500,298,183,0.24913862347602844,1
500,282,202,0.056519776582717896,0
500,298,183,0.3855017423629761,0
501,218,99,0.20947173237800598,1
501,236,127,0.24880388379096985,1
501,294,176,0.2732357084751129,1
501,263,204,0.0667218491435051,0
501,294,176,0.33919718861579895,0
502,218,100,0.1791493445634842,1
502,236,127,0.2372545748949051,1
502,286,174,0.24291379749774933,1
502,294,176,0.3680928647518158,0
503,220,98,0.29609233140945435,1
503,237,126,0.287850946187973,1
503,293,176,0.353503942489624,1
503,293,176,0.36379924416542053,0
504,331,96,0.08191528171300888,1
504,219,100,0.13714921474456787,1
504,242,136,0.23174141347408295,1
504,285,172,0.3421507775783539,1
504,289,174,0.3801162540912628,0
505,330,94,0.08833897113800049,1
505,218,97,0.26208609342575073,1
505,239,128,0.24218341708183289,1
505,285,172,0.3673427402973175,1
505,291,174,0.3570583760738373,0
506,331,90,0.05427849665284157,1
506,218,97,0.08661331981420517,1
506,247,138,0.19711020588874817,1
506,287,169,0.3996153771877289,1
506,116,242,0.1764737367630005,0
506,123,25,0.055991947650909424,0
506,291,169,0.4107784330844879,0
507,330,90,0.07459062337875366,1
507,220,97,0.23287628591060638,1
507,245,131,0.2914658486843109,1
507,283,161,0.4118691682815552,1
507,289,165,0.39514923095703125,0
508,221,95,0.2739408612251282,1
508,246,129,0.2702796161174774,1
508,284,159,0.36011120676994324,1
508,292,164,0.45405298471450806,0
509,219,95,0.09064072370529175,1
509,254,138,0.19720304012298584,1
509,293,162,0.5194823741912842,1
509,164,267,0.05486470088362694,0
509,291,163,0.41574060916900635,0
510,224,96,0.23469069600105286,1
510,252,129,0.3396395742893219,1
510,291,159,0.5219554305076599,1
510,290,159,0.38824328780174255,0
511,225,95,0.32364213466644287,1
511,252,128,0.32740944623947144,1
511,290,157,0.5449142456054688,1
511,291,158,0.36066246032714844,0
512,223,95,0.1379946619272232,1
512,256,132,0.23639240860939026,1
512,292,157,0.4767661690711975,1
512,165,267,0.11596629023551941,0
512,292,157,0.4557963013648987,0
513,222,84,0.07333248853683472,1
513,240,111,0.12841331958770752,1
513,292,156,0.6700226068496704,1
513,291,156,0.3515453338623047,0
514,223,96,0.153599351644516,1
514,292,154,0.5546582937240601,1
514,168,267,0.09663356840610504,0
514,292,154,0.40359827876091003,0
515,223,95,0.1611282378435135,1
515,292,154,0.7032532095909119,1
515,166,267,0.08230700343847275,0
515,292,155,0.3109264075756073,0
516,227,84,0.0934278815984726,1
516,242,110,0.16572166979312897,1
516,293,152,0.6491182446479797,1
516,293,154,0.3613109886646271,0
517,227,79,0.2514152228832245,1
517,240,106,0.2559254765510559,1
517,294,152,0.5996328592300415,1
517,294,154,0.3492838144302368,0
518,227,79,0.23349055647850037,1
518,242,107,0.2247319221496582,1
518,294,150,0.6261379718780518,1
518,295,152,0.3660200834274292,0
519,227,76,0.26762011647224426,1
519,242,107,0.2807411551475525,1
519,294,147,0.62236088514328,1
519,293,151,0.28643569350242615,0
520,228,78,0.2881920635700226,1
520,244,107,0.2943544089794159,1
520,294,146,0.6117954254150391,1
520,295,150,0.3339962363243103,0
521,227,77,0.2127721756696701,1
521,243,106,0.23608480393886566,1
521,296,147,0.6540676951408386,1
521,296,150,0.2890326976776123,0
522,227,77,0.23250697553157806,1
522,244,109,0.2558654546737671,1
522,295,148,0.5587378144264221,1
522,295,151,0.41308271884918213,0
523,225,94,0.3085101246833801,1
523,292,154,0.6026006937026978,1
523,263,116,0.0663401186466217,1
523,292,155,0.4245350956916809,0
524,318,213,0.05147504433989525,1
524,318,190,0.10836625099182129,1
524,222,120,0.18060511350631714,1
524,297,169,0.5839613080024719,1
524,253,160,0.050998229533433914,1
524,110,255,0.22876930236816406,0
524,318,190,0.07920727878808975,0
524,297,169,0.28666019439697266,0
525,333,93,0.06911750137805939,1
525,217,120,0.2321619838476181,1
525,256,154,0.10641690343618393,1
525,301,181,0.4354347288608551,1
525,112,260,0.07715675234794617,0
525,302,187,0.31012192368507385,0
526,338,107,0.05719780549407005,1
526,333,94,0.05593867227435112,1
526,212,113,0.36596935987472534,1
526,282,172,0.11308307945728302,1
526,304,186,0.4498755931854248,1
526,253,234,0.05278778821229935,0
526,304,189,0.38179412484169006,0
527,215,119,0.2109987735748291,1
527,259,163,0.09628179669380188,1
527,298,184,0.568291962146759,1
527,109,266,0.15588974952697754,0
527,253,232,0.05731164291501045,0
527,259,224,0.08967994898557663,0
527,296,187,0.2896639406681061,0
528,210,116,0.26405754685401917,1
528,299,184,0.6115537285804749,1
528,261,164,0.12192650884389877,1
528,108,263,0.0897977352142334,0
528,263,214,0.09412199258804321,0
528,296,186,0.272419273853302,0
529,337,107,0.08902058750391006,1
529,333,95,0.06014484912157059,1
529,205,111,0.450418084859848,1
529,303,186,0.35574331879615784,1
529,271,164,0.1432519555091858,1
529,106,263,0.259618878364563,0
529,251,230,0.05530039966106415,0
529,301,189,0.2959848940372467,0
530,336,101,0.06408482044935226,1
530,207,118,0.3521062731742859,1
530,302,178,0.37783920764923096,1
530,249,154,0.10753300786018372,1
530,302,178,0.3632524907588959,0
531,337,102,0.06881478428840637,1
531,312,200,0.08111932128667831,1
531,204,117,0.3518575429916382,1
531,298,183,0.25561416149139404,1
531,236,151,0.11286722123622894,1
531,102,263,0.16574770212173462,0
531,238,232,0.07807744294404984,0
531,298,189,0.3202432096004486,0
532,202,116,0.2366945445537567,1
532,305,182,0.2725200355052948,1
532,246,156,0.08094050735235214,1
532,236,234,0.05227038264274597,0
532,305,182,0.4634897708892822,0
533,336,108,0.10333986580371857,1
533,337,123,0.08058495819568634,1
533,338,138,0.06012456491589546,1
533,311,220,0.052295055240392685,1
533,201,125,0.4602130949497223,1
533,290,205,0.16596634685993195,1
533,224,160,0.18266361951828003,1
533,296,219,0.0829516053199768,0
533,245,229,0.1478690505027771,0
533,276,205,0.22867237031459808,0
533,224,160,0.057710498571395874,0
534,338,157,0.10245350748300552,1
534,307,221,0.15769298374652863,1
534,197,136,0.6324494481086731,1
534,205,148,0.12587298452854156,1
534,307,215,0.20081068575382233,0
535,331,148,0.05797788128256798,1
535,198,146,0.7880094647407532,1
536,200,147,0.8612105250358582,1
536,324,96,0.1202930361032486,0
536,204,149,0.0548030249774456,0
537,201,152,0.8953783512115479,1
538,200,153,0.8829708695411682,1
538,325,95,0.05944135785102844,0
539,201,156,0.8563953042030334,1
539,202,155,0.05491246283054352,0
540,330,173,0.08481261134147644,1
540,201,156,0.8403884768486023,1
540,330,173,0.06015852838754654,0
540,203,155,0.053275592625141144,0
541,329,174,0.133425772190094,1
541,203,156,0.8676071166992188,1
541,329,174,0.0576489195227623,0
541,204,156,0.059541840106248856,0
542,331,177,0.11665348708629608,1
542,201,155,0.8890213370323181,1
542,331,177,0.05981751158833504,0
542,204,156,0.05324772745370865,0
543,333,173,0.09004369378089905,1
543,202,154,0.8579418659210205,1
543,332,92,0.0506167933344841,0
543,204,156,0.05604597181081772,0
544,333,170,0.07827609777450562,1
544,201,149,0.8630768656730652,1
544,332,96,0.052859995514154434,0
545,332,165,0.15426306426525116,1
545,338,151,0.0524938702583313,1
545,197,151,0.7493365406990051,1
546,331,159,0.10553238540887833,1
546,190,153,0.644172728061676,1
547,206,236,0.22371220588684082,1
547,332,157,0.19560392200946808,1
547,183,153,0.4228596091270447,1
547,206,236,0.0879490077495575,0
548,333,150,0.09642507880926132,1
548,221,125,0.07308009266853333,1
548,185,147,0.30914920568466187,1
549,214,230,0.07338082045316696,1
549,336,142,0.06336894631385803,1
549,329,220,0.05915738642215729,1
549,197,140,0.3371395468711853,1
550,215,221,0.07754705846309662,1
550,338,139,0.053503602743148804,1
550,202,147,0.08287689834833145,1
550,180,229,0.06171515956521034,1
550,328,216,0.06234467029571533,0
551,338,124,0.0890246331691742,1
551,215,211,0.06443905085325241,1
551,334,117,0.060994841158390045,1
551,204,142,0.10219009220600128,1
552,222,200,0.1051797866821289,1
552,209,121,0.06176328286528587,1
553,206,119,0.2537861764431,1
553,207,152,0.08596425503492355,1
553,339,171,0.06782589852809906,0
554,265,149,0.08993054926395416,1
554,212,200,0.07914305478334427,1
554,216,153,0.10248786211013794,1
555,186,146,0.059381064027547836,1
555,242,143,0.16545766592025757,1
555,293,145,0.0523611456155777,1
556,333,76,0.060434747487306595,1
556,235,125,0.13589559495449066,1
556,212,170,0.09967713803052902,1
556,266,172,0.06743568181991577,1
557,214,131,0.09452344477176666,1
557,264,132,0.06023774296045303,1
557,186,172,0.06685129553079605,1
557,240,173,0.186471089720726,1
558,240,127,0.07118838280439377,1
558,181,152,0.07128651440143585,1
558,213,173,0.1632172167301178,1
558,182,201,0.061602503061294556,1
558,214,156,0.1063665896654129,1
558,265,155,0.06247256323695183,1
559,333,59,0.05666407197713852,1
559,212,123,0.09075199067592621,1
559,246,154,0.12326782196760178,1
559,216,174,0.14138031005859375,1
559,179,201,0.05973159521818161,1
560,338,84,0.1475875824689865,1
560,180,138,0.21943466365337372,1
560,201,160,0.09765702486038208,1
560,178,189,0.05248108133673668,1
560,205,156,0.06801669299602509,1
561,339,100,0.1219518631696701,1
561,337,166,0.07426899671554565,1
561,339,85,0.07164905965328217,1
561,203,129,0.05916661024093628,1
561,178,178,0.21535465121269226,1
561,155,215,0.07098821550607681,1
561,202,167,0.051927778869867325,1
561,174,215,0.06783464550971985,0
562,337,92,0.10021544247865677,1
562,334,106,0.051913533359766006,1
562,177,155,0.060108598321676254,1
562,176,227,0.10055068135261536,1
562,176,227,0.06124277412891388,0
563,205,214,0.16175834834575653,1
563,338,172,0.10589418560266495,1
563,331,116,0.08586229383945465,1
563,205,214,0.06776925921440125,0
564,205,222,0.5446466207504272,1
564,337,192,0.12806886434555054,1
564,337,175,0.05547577515244484,1
564,339,200,0.0655258372426033,1
564,205,222,0.09405093640089035,0
564,335,196,0.1274471879005432,0
565,209,228,0.26958248019218445,1
565,334,200,0.06869685649871826,1
565,334,205,0.057730820029973984,0
566,212,230,0.11579570919275284,1
566,337,199,0.06966382265090942,1
566,334,208,0.05286049470305443,0
567,334,200,0.05791715160012245,1
568,220,237,0.14255763590335846,1
568,279,120,0.05625170096755028,1
568,206,155,0.09101022034883499,1
568,220,237,0.05590850114822388,0
569,210,172,0.13502326607704163,1
570,241,179,0.10239271819591522,1
570,215,164,0.1004386693239212,1
570,252,188,0.06160304695367813,0
571,338,157,0.07442618161439896,1
571,339,171,0.054377492517232895,1
571,205,173,0.4021807014942169,1
571,206,174,0.07220906764268875,0
572,208,179,0.6904469132423401,1
572,212,178,0.09351975470781326,0
573,215,191,0.7006353139877319,1
573,213,190,0.09263382107019424,0
574,86,210,0.08154928684234619,1
574,221,195,0.6735047698020935,1
574,85,211,0.08804377168416977,0
574,221,195,0.17267769575119019,0
575,87,219,0.06868854910135269,1
575,231,200,0.7895838022232056,1
575,87,219,0.17342671751976013,0
575,231,203,0.11190243810415268,0
576,230,203,0.7669644951820374,1
576,231,146,0.05081741884350777,1
576,230,203,0.10400227457284927,0
577,230,202,0.6772066950798035,1
577,294,27,0.05933688208460808,0
577,225,204,0.09932326525449753,0
578,225,205,0.7250280380249023,1
578,148,83,0.06017601862549782,0
578,196,35,0.05941607058048248,0
578,267,275,0.05220133811235428,0
578,220,206,0.09855418652296066,0
579,226,204,0.6694064736366272,1
579,271,275,0.05582244694232941,0
579,222,206,0.0915699228644371,0
580,231,202,0.6746469736099243,1
580,277,274,0.08780715614557266,0
580,231,202,0.10235472768545151,0
581,228,198,0.6067830324172974,1
581,277,274,0.1949152648448944,0
581,231,195,0.09971944242715836,0
582,227,197,0.5797357559204102,1
582,279,273,0.30225226283073425,0
582,228,195,0.14689378440380096,0
583,228,192,0.5456178188323975,1
583,275,269,0.08836185187101364,0
583,225,192,0.12251362949609756,0
584,216,186,0.4863412380218506,1
584,209,180,0.08030925691127777,0
585,221,185,0.5438133478164673,1
585,182,28,0.06283599883317947,0
585,220,185,0.24621465802192688,0
586,74,95,0.05072370916604996,1
586,143,241,0.0732264593243599,1
586,165,226,0.09978222101926804,1
586,210,178,0.3883684575557709,1
586,210,178,0.09226694703102112,0
587,205,181,0.23321722447872162,1
587,171,221,0.1375337690114975,1
587,191,210,0.05067957565188408,0
588,306,243,0.2596284747123718,1
588,299,238,0.0511690191924572,1
588,212,174,0.2266075164079666,1
588,165,220,0.10301777720451355,1
588,211,170,0.0788240134716034,0
589,305,238,0.17872577905654907,1
589,124,249,0.10092528164386749,1
589,210,168,0.21259728074073792,1
589,153,226,0.1832306832075119,1
589,209,168,0.05476406589150429,0
590,301,229,0.10837054252624512,1
590,218,116,0.05795147642493248,1
590,124,251,0.05736881121993065,1
590,173,203,0.09393507242202759,1
590,144,231,0.2205907255411148,1
590,212,115,0.07715906202793121,0
591,337,188,0.05131680518388748,1
591,273,118,0.07218571752309799,1
591,161,205,0.06657268106937408,1
591,116,232,0.43438318371772766,1
591,116,232,0.05755607411265373,0
592,334,181,0.087709441781044,1
592,276,113,0.05149901658296585,1
592,114,234,0.5143313407897949,1
592,114,234,0.07313288003206253,0
593,276,114,0.07883312553167343,1
593,115,238,0.4093346893787384,1
593,144,214,0.05925757810473442,1
594,295,211,0.21167398989200592,1
594,304,203,0.05768061429262161,1
594,273,121,0.10623031109571457,1
594,279,174,0.05136413872241974,1
594,113,236,0.4576228857040405,1
594,141,213,0.058152273297309875,1
594,113,236,0.05380391329526901,0
595,115,203,0.10475194454193115,1
595,104,211,0.06097272410988808,1
595,111,230,0.43810543417930603,1
595,102,174,0.050234176218509674,1
595,116,203,0.050152748823165894,0
595,111,230,0.0555419959127903,0
596,337,77,0.1307649463415146,1
596,110,229,0.5121701955795288,1
596,102,170,0.06074705719947815,1
596,110,229,0.05396653711795807,0
597,272,111,0.05766034498810768,1
597,109,231,0.6394478678703308,1
597,104,173,0.0660824403166771,1
597,109,231,0.07698319107294083,0
598,339,158,0.13411866128444672,1
598,290,251,0.08533002436161041,1
598,274,112,0.06125738471746445,1
598,115,231,0.6154119372367859,1
598,105,172,0.058348722755908966,1
598,115,231,0.09237074851989746,0
599,338,151,0.2945410907268524,1
599,293,244,0.1310979127883911,1
599,273,113,0.06442108750343323,1
599,112,229,0.6020746231079102,1
599,103,173,0.06001025438308716,1
599,338,153,0.08529739826917648,0
599,112,229,0.08076290041208267,0
600,274,114,0.09955988824367523,1
600,112,227,0.4864065945148468,1
600,112,227,0.05677921324968338,0
601,122,190,0.09609784930944443,1
601,272,116,0.06016663834452629,1
601,116,228,0.49450600147247314,1
601,192,234,0.05258754640817642,1
601,116,228,0.06932373344898224,0
602,110,229,0.6616190075874329,1
602,106,171,0.06403234601020813,1
602,110,229,0.07277082651853561,0
603,338,68,0.1802343875169754,1
603,337,230,0.06024578586220741,1
603,111,232,0.6273974776268005,1
603,104,177,0.06594045460224152,1
603,111,232,0.07312596589326859,0
604,114,232,0.5477790236473083,1
604,105,174,0.058988895267248154,1
605,112,234,0.7065877914428711,1
605,105,177,0.07806435227394104,1
605,112,234,0.054098449647426605,0
606,338,74,0.07969824224710464,1
606,278,181,0.06156855449080467,1
606,112,234,0.6644056439399719,1
606,107,175,0.07365097850561142,1
606,112,234,0.07734587043523788,0
607,332,54,0.060303691774606705,1
607,110,234,0.7088305354118347,1
607,106,181,0.08398552983999252,1
607,110,234,0.08014150708913803,0
608,109,232,0.7215890288352966,1
608,105,177,0.09250357747077942,1
608,109,232,0.07491584122180939,0
609,105,232,0.5817010998725891,1
609,102,178,0.08176744729280472,1
610,106,27,0.10223580151796341,1
610,139,254,0.06161341443657875,1
610,108,231,0.5909609794616699,1
610,103,183,0.09657476842403412,1
611,220,195,0.0686025321483612,1
611,135,254,0.0570763498544693,1
611,305,140,0.09528858959674835,1
611,110,234,0.7325029969215393,1
611,102,182,0.11341535300016403,1
612,279,135,0.06289488077163696,1
612,107,230,0.5079649090766907,1
612,103,178,0.08897161483764648,1
613,333,225,0.15409262478351593,1
613,218,186,0.054211199283599854,1
613,275,141,0.06578116863965988,1
613,237,175,0.054778605699539185,1
613,110,231,0.45947593450546265,1
613,193,233,0.06059467792510986,1
613,106,180,0.07267501950263977,1
614,330,223,0.28131237626075745,1
614,117,231,0.4997028112411499,1
614,107,177,0.06588824093341827,1
614,117,231,0.058229655027389526,0
615,279,145,0.07301758974790573,1
615,132,230,0.36421507596969604,1
615,133,44,0.06644172966480255,0
615,124,230,0.08927759528160095,0
616,284,273,0.11677256971597672,1
616,339,102,0.0828532725572586,1
616,193,31,0.06678222119808197,1
616,329,187,0.05059139057993889,1
616,329,172,0.6018195152282715,1
616,137,231,0.18984204530715942,1
616,193,34,0.12155631184577942,0
616,126,231,0.10574502497911453,0
617,338,124,0.17373791337013245,1
617,338,146,0.062207967042922974,1
617,348,157,0.0625617504119873,1
617,330,184,0.3221636116504669,1
617,141,234,0.07209255546331406,1
617,338,139,0.06382007151842117,0
617,156,66,0.22419582307338715,0
618,337,59,0.3097967505455017,1
618,172,72,0.08341101557016373,1
618,145,233,0.09817811101675034,1
618,338,64,0.06039970740675926,0
618,137,82,0.0941021665930748,0
618,172,72,0.20501095056533813,0
619,100,20,0.18377938866615295,1
619,312,68,0.22126631438732147,1
619,141,233,0.06514198333024979,1
619,217,70,0.0873875692486763,0
619,151,97,0.05021447688341141,0
619,178,87,0.14212387800216675,0
620,123,20,0.18626096844673157,1
620,70,181,0.06141813099384308,1
620,260,164,0.7737341523170471,1
620,117,210,0.05085783824324608,1
620,218,73,0.5814061164855957,0
620,123,20,0.05550289899110794,0
620,175,100,0.11697742342948914,0
621,211,60,0.09744251519441605,1
621,281,125,0.13209392130374908,1
621,89,155,0.05309023708105087,1
621,296,125,0.28625813126564026,1
621,211,60,0.22135987877845764,0
622,120,258,0.12916579842567444,1
623,268,148,0.41839444637298584,1
623,291,163,0.05157938972115517,1
623,261,147,0.05459543690085411,0
624,338,171,0.3713570535182953,1
624,335,161,0.05194768309593201,1
624,328,79,0.47778555750846863,1
624,314,77,0.14410792291164398,1
624,338,171,0.08962910622358322,0
625,338,101,0.0627535879611969,1
625,279,51,0.07079082727432251,1
626,270,76,0.47419473528862,1
627,265,98,0.17604024708271027,1
627,313,108,0.06993219256401062,1
627,277,76,0.3846241533756256,1
627,265,98,0.07424516975879669,0
627,277,85,0.05253634229302406,0
628,271,107,0.16381362080574036,1
628,278,83,0.13091756403446198,1
628,271,107,0.5653096437454224,0
629,274,104,0.2410082370042801,1
629,279,95,0.282543420791626,1
629,278,83,0.20127177238464355,1
629,275,98,0.12500977516174316,0
629,279,88,0.05071406438946724,0
630,333,130,0.05007783696055412,1
630,257,78,0.41605547070503235,1
630,260,85,0.08515378087759018,1
630,257,76,0.5946568846702576,0
631,268,143,0.2440435290336609,1
631,250,66,0.6991892457008362,1
631,261,73,0.08945518732070923,1
631,251,65,0.1312045305967331,0
631,269,145,0.13311681151390076,0
632,285,165,0.3461092412471771,1
632,285,165,0.4727514684200287,0
633,289,183,0.36011630296707153,1
633,284,137,0.08189950883388519,1
633,288,144,0.060801345854997635,1
633,285,168,0.17985300719738007,1
633,290,178,0.2799401581287384,1
633,284,139,0.41412362456321716,0
633,289,183,0.22491206228733063,0
633,283,156,0.17951370775699615,0
633,290,178,0.07755625993013382,0
634,328,205,0.057545777410268784,1
634,322,224,0.46339091658592224,1
634,328,205,0.07097215950489044,0
634,221,174,0.05672483891248703,0
634,228,199,0.051218096166849136,0
634,322,224,0.09868954867124557,0
635,318,233,0.503248393535614,1
635,318,233,0.12526574730873108,0
636,179,222,0.2319587916135788,1
636,284,115,0.0664832666516304,1
636,297,112,0.06593383103609085,1
636,114,141,0.3538402318954468,1
636,179,222,0.6078836917877197,0
636,270,124,0.0534515380859375,0
637,134,163,0.07214325666427612,1
637,238,37,0.2968142330646515,1
637,165,193,0.0713694766163826,1
637,153,69,0.7024651765823364,1
637,325,181,0.27703824639320374,1
637,280,133,0.0636618509888649,1
637,310,161,0.15626513957977295,1
637,155,69,0.2303420603275299,0
637,134,163,0.4634210169315338,0
637,166,194,0.2894503176212311,0
637,137,169,0.06366044282913208,0
637,153,184,0.07820907235145569,0
638,124,146,0.07365734875202179,1
638,171,199,0.12934201955795288,1
638,327,204,0.10812514275312424,1
638,124,146,0.43042147159576416,0
638,176,202,0.1367032378911972,0
639,285,241,0.09516727179288864,1
639,279,231,0.05478334426879883,1
639,133,86,0.05452540144324303,1
639,152,201,0.07795460522174835,1
639,291,246,0.12560437619686127,1
639,116,133,0.1211758404970169,1
639,153,191,0.12076450884342194,0
639,151,207,0.05400775372982025,0
640,157,180,0.22489218413829803,1
640,219,265,0.230058491230011,1
640,260,158,0.19880954921245575,1
640,154,194,0.1136777326464653,1
640,219,267,0.5931193828582764,0
640,157,180,0.5104228854179382,0
640,260,159,0.480256587266922,0
640,154,194,0.20913144946098328,0
640,218,260,0.07074185460805893,0
641,226,256,0.07149451225996017,1
641,266,171,0.17245697975158691,1
641,273,180,0.10502038151025772,1
641,226,256,0.08306007832288742,0
641,210,155,0.05854181945323944,0
642,324,88,0.356790691614151,1
642,224,142,0.7541447281837463,1
642,310,82,0.1056184470653534,1
642,225,142,0.11338681727647781,0
643,234,219,0.2220107614994049,1
643,160,188,0.05461103096604347,1
643,299,231,0.1068907156586647,1
643,298,233,0.431369423866272,0
643,234,219,0.313790887594223,0
643,160,188,0.10062041133642197,0
643,304,231,0.06351669132709503,0
643,164,155,0.05420222505927086,0
644,177,186,0.11237193644046783,1
644,249,149,0.06800007075071335,1
644,315,119,0.46114036440849304,1
644,251,206,0.3852555453777313,1
644,310,120,0.09131395071744919,1
644,263,190,0.06207650899887085,1
644,259,206,0.0728025883436203,1
644,252,205,0.14475473761558533,0
644,177,183,0.22697997093200684,0
645,285,187,0.19383196532726288,1
645,133,90,0.0771295577287674,1
645,283,172,0.054430775344371796,1
645,219,179,0.16558247804641724,1
645,246,150,0.07202709466218948,1
645,269,169,0.14815184473991394,1
645,221,177,0.582447350025177,0
645,285,187,0.06676433980464935,0
645,133,90,0.07827623188495636,0
645,269,169,0.06236616149544716,0
646,178,77,0.17313893139362335,1
646,256,94,0.610198974609375,1
646,311,179,0.06856830418109894,1
646,178,77,0.09335257112979889,0
646,257,94,0.44912809133529663,0
647,288,103,0.3919264078140259,1
647,287,106,0.06637808680534363,0
648,334,130,0.05294153466820717,1
648,334,130,0.08062072098255157,0
649,221,93,0.22067363560199738,1
649,214,102,0.11042090505361557,1
649,231,86,0.10304591059684753,1
649,245,60,0.08934635668992996,1
649,251,53,0.08649473637342453,1
649,242,75,0.07367704808712006,1
649,221,93,0.09217201918363571,0
649,214,102,0.052671968936920166,0
650,268,84,0.10631853342056274,1
651,300,101,0.3001885414123535,1
651,295,96,0.06277069449424744,1
651,312,100,0.053453635424375534,1
652,87,110,0.07023325562477112,1
653,105,72,0.06189486384391785,1
653,107,112,0.09079711139202118,1
654,111,105,0.1389596313238144,1
655,132,76,0.051308464258909225,1
655,111,110,0.13261759281158447,1
655,88,136,0.07986437529325485,1
656,212,63,0.062103286385536194,1
656,118,117,0.16004453599452972,1
656,217,69,0.0687737911939621,0
656,310,230,0.05030839145183563,0
657,241,93,0.12086350470781326,1
657,242,94,0.5206312537193298,0
657,309,230,0.05920560285449028,0
658,310,230,0.06641880422830582,0
659,310,230,0.06416228413581848,0
660,311,231,0.05419080704450607,0
665,149,162,0.052494633942842484,0
667,117,144,0.05829904228448868,1
667,312,230,0.054476238787174225,0
668,311,231,0.058163512498140335,0
669,117,125,0.07350371778011322,1
672,120,142,0.056715697050094604,1
672,150,159,0.05321865156292915,0
674,120,146,0.05035565420985222,1
675,149,160,0.05854450538754463,0
678,150,162,0.054627515375614166,0
679,146,161,0.05850314721465111,0
680,145,163,0.0615660659968853,0
681,144,165,0.05680907517671585,0
682,143,164,0.06378395110368729,0
683,142,167,0.0527583509683609,0
684,142,166,0.05467824265360832,0
685,144,166,0.05427097901701927,0
686,140,169,0.05314354971051216,0
687,140,167,0.0564613863825798,0
688,143,169,0.05141664668917656,0
689,119,139,0.05219801142811775,1
689,140,166,0.056147001683712006,0
690,143,170,0.050057053565979004,0
691,145,170,0.05430234968662262,0
692,145,169,0.062207434326410294,0
693,149,170,0.05656525865197182,0
694,148,168,0.06543044745922089,0
695,120,139,0.05800488963723183,1
695,147,169,0.07350645959377289,0
696,123,140,0.07991863042116165,1
696,147,169,0.08173228055238724,0
697,125,141,0.0998140424489975,1
697,333,139,0.08170319348573685,0
697,149,166,0.10111388564109802,0
698,333,189,0.05338893085718155,1
698,126,142,0.08516392856836319,1
698,333,196,0.05312636122107506,0
698,327,216,0.05444446578621864,0
698,150,165,0.09233351796865463,0
699,333,189,0.07203710079193115,1
699,129,146,0.09050176292657852,1
699,333,140,0.09341607242822647,0
699,152,164,0.10828139632940292,0
700,334,197,0.07514237612485886,1
700,129,145,0.06562995165586472,1
700,331,147,0.10605133324861526,0
700,333,204,0.06789316236972809,0
700,328,215,0.066187284886837,0
700,157,163,0.09195946156978607,0
701,334,196,0.06834731251001358,1
701,161,163,0.06308206170797348,1
701,333,146,0.11128576844930649,0
701,161,163,0.0915677398443222,0
702,163,164,0.07890186458826065,0
703,333,180,0.06240830570459366,0
703,164,164,0.06234195828437805,0
704,157,171,0.05487743765115738,0
710,332,100,0.06392080336809158,1
712,207,104,0.05193357542157173,1
713,205,86,0.10113928467035294,1
714,206,79,0.2076830267906189,1
714,311,231,0.053988952189683914,0
715,204,83,0.06624506413936615,1
715,312,231,0.06418676674365997,0
716,207,80,0.08666486293077469,1
716,312,230,0.055211398750543594,0
717,207,73,0.24991533160209656,1
717,312,229,0.06774631142616272,0
718,207,72,0.1389869600534439,1
718,311,230,0.05541539192199707,0
719,210,69,0.19144175946712494,1
719,312,230,0.05888264998793602,0
720,207,55,0.18555468320846558,1
721,204,54,0.12229648977518082,1
722,206,52,0.06458914279937744,1
772,325,199,0.06034223735332489,0
773,312,216,0.05898723751306534,0
777,314,218,0.05065898597240448,0
779,311,229,0.061312273144721985,0
780,312,229,0.0567280538380146,0
781,314,218,0.054365478456020355,0
782,311,229,0.060448404401540756,0
783,311,228,0.07177328318357468,0
784,309,230,0.051833733916282654,0
785,310,229,0.06092534586787224,0
